file,occupancy_total,occupancy_fraction,occupancy_x_mean,occupancy_y_mean,occupancy_z_mean,occupancy_gradient_x,occupancy_gradient_y,occupancy_gradient_z,occupancy_gradient_total,occupancy_surface,grid_entropy,grid_moi_1,grid_moi_2,grid_moi_3,moi_principal_3,rdf_mean,rdf_kurtosis,entropy_spatial,ms_bandwidth,n_vacancies
1.2_vac,68.0,0.068,0.68,0.68,0.68,92.0,94.0,106.0,292.0,292.0,4.219507698376108,325.31026589501,286.6467883043596,225.7194163888656,785.3384755137147,4.401976923885141,-0.5235126769200948,4.234106504597262,3.999810853592237,2.0
10.004000,49.0,0.049,0.49,0.49,0.49,98.0,98.0,96.0,292.0,292.0,3.891820293210626,327.4977819897797,323.7843229006913,297.94238490544734,476.6472965929516,3.859340509008022,-0.963363498806364,3.891820298110627,3.252559228154138,1.0
100.004000,69.0,0.069,0.69,0.69,0.69,64.0,88.0,96.0,248.0,248.0,4.234106497697257,331.36872996998784,282.4453003298569,229.60625955522775,827.448326412133,4.447853511689389,-0.44737455688498207,4.276666119016054,4.0677498639271255,2.0
101.005000,70.0,0.07,0.7,0.7,0.7,80.0,78.0,100.0,258.0,258.0,4.248495235049358,325.0301451363491,303.21433942054983,236.52694401452982,831.231153504443,4.445552471846015,-0.495132238269012,4.262679877041316,4.105381827291933,2.0
102.000000,88.0,0.088,0.88,0.88,0.88,116.0,126.0,110.0,352.0,352.0,4.477336805678206,477.50772283807225,433.58948603702265,423.22097294308674,1344.7486263725236,4.8044952562194325,-0.482309869173275,4.477336814478207,4.396181298125923,3.0
103.001000,83.0,0.083,0.83,0.83,0.83,112.0,108.0,108.0,328.0,328.0,4.418840599496599,416.78141262519586,359.4490612441017,339.4803695041959,1217.309315695067,4.71608061105008,-0.48341460880134024,4.4308167988433125,4.232187562582553,3.0
104.002000,84.0,0.084,0.84,0.84,0.84,116.0,104.0,114.0,334.0,334.0,4.430816790443312,448.5169197950234,408.85353154771116,375.27240580012244,1226.9533287172517,4.732152559296882,-0.29735889642896707,4.442651256490314,4.365770063112223,3.0
105.003000,87.0,0.087,0.87,0.87,0.87,116.0,116.0,112.0,344.0,344.0,4.465908109954582,471.24444213059473,425.54375372031143,412.26927541346174,1310.7058000229592,4.786521099630309,-0.48117541590031365,4.465908118654583,4.3806935073153666,3.0
106.004000,86.0,0.086,0.86,0.86,0.86,110.0,110.0,116.0,336.0,336.0,4.454347287653507,436.5936013406346,406.8736326624724,382.9978822759628,1242.4198687237188,4.742561976173423,-0.454672276668735,4.4543472962535064,4.35018900766149,3.0
107.005000,83.0,0.083,0.83,0.83,0.83,110.0,110.0,118.0,338.0,338.0,4.418840599496599,441.816311765956,419.6895332639607,405.9640344881553,1211.221624212736,4.690674459533538,-0.5062715738323527,4.4188406077966,4.236960079224796,3.0
108.000000,47.0,0.047,0.47,0.47,0.47,94.0,94.0,94.0,282.0,282.0,3.8501475970100585,347.04488692094594,331.6377441487969,299.4450285047256,458.483195877702,3.827631636294986,-1.0830068245662006,3.850147601710058,3.2202556414785417,1.0
109.001000,48.0,0.048,0.48,0.48,0.48,94.0,90.0,84.0,268.0,268.0,3.8712010061078903,274.1941934174732,255.80838470629902,237.87242187622786,470.84824723987543,3.8645118200107937,-1.0107156796902346,3.871201010907891,3.2673519029201206,1.0
11.005000,45.0,0.045,0.45,0.45,0.45,84.0,80.0,90.0,254.0,254.0,3.8066624852703197,287.96032083003513,270.69681639284903,244.72064055489366,433.70933903556704,3.7630742734771965,-1.1029345764875758,3.8066624897703196,3.2076410304282086,1.0
110.002000,48.0,0.048,0.48,0.48,0.48,96.0,96.0,96.0,288.0,288.0,3.8712010061078903,444.21402927646074,416.79534921207136,398.8239548448013,473.1801022768982,3.845085367948732,-1.0346288714467087,3.871201010907891,3.2535717970937186,1.0
111.003000,49.0,0.049,0.49,0.49,0.49,82.0,70.0,88.0,240.0,240.0,3.891820293210626,228.9669732089733,218.07325737578748,214.1026265580963,492.25428083279314,3.883519610338936,-1.0380123042758416,3.891820298110627,3.273204362150478,1.0
112.004000,49.0,0.049,0.49,0.49,0.49,92.0,96.0,98.0,286.0,286.0,3.891820293210626,293.1936093696548,273.4753338754448,262.80044451000236,486.93659119086766,3.8708695967113704,-0.9833493531780411,3.891820298110627,3.266241280311754,1.0
113.005000,48.0,0.048,0.48,0.48,0.48,96.0,96.0,96.0,288.0,288.0,3.8712010061078903,396.8327985297769,377.288839348987,353.42002878790316,468.28680707155917,3.84940425135618,-1.008159782043916,3.871201010907891,3.247449806044147,1.0
114.000000,108.0,0.108,1.08,1.08,1.08,144.0,140.0,162.0,446.0,446.0,4.68213121632422,649.0142098506856,617.25130033663,603.6418972200919,1965.6476662646178,5.139924955997774,-0.7434959467517355,4.682131227124218,4.584131199001437,4.0
115.001000,101.0,0.101,1.01,1.01,1.01,124.0,114.0,108.0,346.0,346.0,4.615120506741261,524.5437388831641,506.302086286624,488.48090750347995,1859.3957240608227,5.100290568100143,-0.7741968601159459,4.653960350157524,4.598850026677885,4.0
116.002000,100.0,0.1,1.0,1.0,1.0,160.0,154.0,150.0,464.0,464.0,4.605170175988092,569.3109465271319,554.9199182884571,505.56913518441087,1700.1660136576115,5.025873886246044,-0.7532391838898524,4.605170185988092,4.567094502586469,4.0
117.003000,102.0,0.102,1.02,1.02,1.02,136.0,156.0,132.0,424.0,424.0,4.624972803084271,548.9637574749237,530.4329250524795,504.7993959039695,1797.799347121027,5.069642619683044,-0.7371535970339202,4.634728988229636,4.5448657633962,4.0
118.004000,99.0,0.099,0.99,0.99,0.99,142.0,142.0,142.0,426.0,426.0,4.595119840234592,557.4118336596671,532.8712030982118,474.08059960575684,1682.5848588365698,4.993596457521289,-0.735227142986822,4.5951198501345925,4.4847592472428,4.0
119.005000,102.0,0.102,1.02,1.02,1.02,158.0,160.0,168.0,486.0,486.0,4.624972803084271,602.581814629953,542.5591789356201,515.7609672187402,1733.8529986065687,5.049875197342465,-0.7323930355246699,4.6249728132842725,4.551854650280187,4.0
12.000000,85.0,0.085,0.85,0.85,0.85,118.0,110.0,108.0,336.0,336.0,4.442651247990316,437.82214701232556,413.3916677493996,400.22147935592216,1237.8414836759807,4.736481840735324,-0.5167367730580139,4.442651256490314,4.403062870416955,3.0
120.000000,68.0,0.068,0.68,0.68,0.68,56.0,66.0,72.0,194.0,194.0,4.219507698376108,301.9414537254369,241.58446173051354,189.2976139558143,848.3016320000003,4.458596445154334,-0.5504101439613591,4.276666119016054,4.1273491643163185,2.0
121.001000,71.0,0.071,0.71,0.71,0.71,82.0,92.0,100.0,274.0,274.0,4.262679869941316,318.289710739161,304.7087674126798,239.31138100308848,834.4913183928783,4.4460317438643395,-0.58719613037246,4.262679877041316,4.111171601753402,2.0
122.002000,70.0,0.07,0.7,0.7,0.7,92.0,94.0,102.0,288.0,288.0,4.248495235049358,347.70995275824055,337.9233439769214,254.8238461219808,830.8507222510544,4.4567452723045005,-0.6167874730791048,4.262679877041316,4.1109382693143655,2.0
123.003000,64.0,0.064,0.64,0.64,0.64,50.0,76.0,82.0,208.0,208.0,4.158883076959672,280.10146350890886,220.0584939024102,187.71504258868106,845.5075330216837,4.440236964607441,-0.534130840432216,4.276666119016054,4.09155914727695,2.0
124.004000,68.0,0.068,0.68,0.68,0.68,82.0,90.0,94.0,266.0,266.0,4.219507698376108,310.4370767515509,280.6927077085308,222.25256848109458,786.7459681528352,4.395327777849555,-0.470029998600372,4.234106504597262,4.001079467775249,2.0
125.005000,66.0,0.066,0.66,0.66,0.66,84.0,76.0,78.0,238.0,238.0,4.1896547354264255,308.8211905628915,252.737901969002,196.62272564992472,763.0472056977617,4.379948259462519,-0.5127126707552772,4.219507705176109,4.003917409890592,2.0
126.000000,88.0,0.088,0.88,0.88,0.88,110.0,118.0,120.0,348.0,348.0,4.477336805678206,471.6771160954616,420.1485243510504,395.5607231898514,1293.1918899441746,4.804404028049377,-0.4919375945936091,4.477336814478207,4.396181298125923,3.0
127.001000,86.0,0.086,0.86,0.86,0.86,118.0,122.0,118.0,358.0,358.0,4.454347287653507,461.63639454216343,407.201876619262,402.18498465252816,1250.9476596779432,4.766120196439357,-0.3729104412153448,4.4543472962535064,4.37889942239459,3.0
128.002000,86.0,0.086,0.86,0.86,0.86,116.0,110.0,108.0,334.0,334.0,4.454347287653507,447.7034885561001,415.2238397461623,389.46802053494736,1232.602254480179,4.7512297521179825,-0.4706684085673345,4.4543472962535064,4.356153424021927,3.0
129.003000,86.0,0.086,0.86,0.86,0.86,106.0,114.0,108.0,328.0,328.0,4.454347287653507,430.00967469432703,397.12528734588363,373.44643330862635,1277.4507139012303,4.756836016822646,-0.4883328971254781,4.4543472962535064,4.379163263944247,3.0
13.001000,83.0,0.083,0.83,0.83,0.83,108.0,100.0,116.0,324.0,324.0,4.418840599496599,423.7309374780648,421.5035766497616,391.9221123781975,1205.9518951568527,4.680342175520897,-0.46223479171361825,4.4188406077966,4.220889904464528,3.0
130.004000,83.0,0.083,0.83,0.83,0.83,114.0,112.0,118.0,344.0,344.0,4.418840599496599,422.35462283814235,420.05438871264295,414.362072786564,1210.1952596151464,4.680478033301423,-0.4929660992920213,4.4188406077966,4.225109822481675,3.0
131.005000,85.0,0.085,0.85,0.85,0.85,114.0,106.0,112.0,332.0,332.0,4.442651247990316,448.2650500933746,415.5405174214739,387.3473736616219,1242.7819139622818,4.750210411931343,-0.5087092086726583,4.4543472962535064,4.359603827992339,3.0
132.000000,86.0,0.086,0.86,0.86,0.86,106.0,108.0,104.0,318.0,318.0,4.454347287653507,460.2707801099476,420.86130944767433,407.7981430005171,1260.631050074126,4.758935897397336,-0.5165507744227469,4.4543472962535064,4.400715667464976,3.0
133.001000,87.0,0.087,0.87,0.87,0.87,112.0,122.0,118.0,352.0,352.0,4.465908109954582,452.77601141615935,405.5844783286109,387.8004297954599,1283.5464380678586,4.784071198741422,-0.3552760305289193,4.465908118654583,4.379389619860543,3.0
134.002000,84.0,0.084,0.84,0.84,0.84,110.0,110.0,106.0,326.0,326.0,4.430816790443312,428.24698779267345,407.5750226662013,376.53513239826793,1222.650855861459,4.705307070305007,-0.33490628785014875,4.4308167988433125,4.230537549376988,3.0
135.003000,86.0,0.086,0.86,0.86,0.86,108.0,112.0,104.0,324.0,324.0,4.454347287653507,444.70289559056187,392.54622513627936,391.6113443894375,1276.4842964690915,4.7542596561109995,-0.4184436429167371,4.4543472962535064,4.392170638229548,3.0
136.004000,87.0,0.087,0.87,0.87,0.87,124.0,122.0,110.0,356.0,356.0,4.465908109954582,460.2013813600182,414.3673749156865,379.8220483219966,1272.2607028403936,4.7886320856225195,-0.5539629891609712,4.477336814478207,4.354840458842485,3.0
137.005000,85.0,0.085,0.85,0.85,0.85,108.0,112.0,116.0,336.0,336.0,4.442651247990316,461.09553479879213,420.1210349013284,415.20695971164383,1236.7053291626466,4.7379226807833765,-0.47069754883129455,4.442651256490314,4.368324592981638,3.0
138.000000,66.0,0.066,0.66,0.66,0.66,62.0,70.0,76.0,208.0,208.0,4.1896547354264255,304.92586667742717,240.5113100556118,184.32039902453673,808.6482809761646,4.42091438081733,-0.5368796262542723,4.2484952420493585,4.121679172275211,2.0
139.001000,68.0,0.068,0.68,0.68,0.68,88.0,92.0,100.0,280.0,280.0,4.219507698376108,322.6067410555781,282.9034840413893,231.72506902067957,790.7161696045857,4.4162577232501965,-0.4863503017197939,4.234106504597262,4.018524318452143,2.0
14.002000,89.0,0.089,0.89,0.89,0.89,112.0,112.0,118.0,342.0,342.0,4.48863636083214,492.4528750706624,431.3306912605308,401.5198044553238,1328.624691701541,4.816395119105288,-0.45284699353410085,4.488636369732139,4.357562293155776,3.0
140.002000,69.0,0.069,0.69,0.69,0.69,70.0,84.0,90.0,244.0,244.0,4.234106497697257,330.05436488640333,278.47644135341113,222.1358604268524,819.9933696903748,4.44235915911651,-0.5287830045163759,4.262679877041316,4.095054199203496,2.0
141.003000,70.0,0.07,0.7,0.7,0.7,74.0,82.0,98.0,254.0,254.0,4.248495235049358,328.1157659935456,289.80151715712117,238.79700256361906,814.2403359412212,4.430336598172268,-0.4659639599877048,4.262679877041316,4.0939102365672335,2.0
142.005000,67.0,0.067,0.67,0.67,0.67,88.0,92.0,98.0,278.0,278.0,4.204692612690966,305.62634184657134,275.4273100097902,222.8866466511011,786.5715088327182,4.409391353035141,-0.5464816238214376,4.234106504597262,3.998673927705712,2.0
143.000000,68.0,0.068,0.68,0.68,0.68,60.0,70.0,72.0,202.0,202.0,4.219507698376108,310.0,249.73608013613728,189.205096334451,848.3016320000003,4.458596445154334,-0.5504101439613569,4.276666119016054,4.1273491643163185,2.0
144.001000,70.0,0.07,0.7,0.7,0.7,68.0,86.0,92.0,246.0,246.0,4.248495235049358,320.66088698994827,278.0758911067092,230.20607904619962,830.2887990267084,4.447343815966985,-0.43226885895663036,4.262679877041316,4.111105095619416,2.0
145.002000,70.0,0.07,0.7,0.7,0.7,80.0,90.0,106.0,276.0,276.0,4.248495235049358,316.47810109670894,305.2126741886758,242.5949390003296,827.4760738342177,4.43769507937415,-0.4440463438956832,4.262679877041316,4.106507724727913,2.0
146.003000,68.0,0.068,0.68,0.68,0.68,62.0,76.0,86.0,224.0,224.0,4.219507698376108,328.3047862731224,263.56250199940473,201.8974176098256,851.9255307535609,4.497790711898239,-0.41910428139368516,4.29045944114839,4.1029499717325555,2.0
147.004000,71.0,0.071,0.71,0.71,0.71,78.0,102.0,100.0,280.0,280.0,4.262679869941316,326.08455958700694,310.9696466355004,245.36832898876034,835.1015208529941,4.4630605824412815,-0.44610254741861466,4.276666119016054,4.09269128121184,2.0
148.005000,71.0,0.071,0.71,0.71,0.71,80.0,90.0,102.0,272.0,272.0,4.262679869941316,318.0817988044473,303.0882790684309,245.1397812820512,821.3279809356036,4.4299126584001325,-0.41887883453574615,4.262679877041316,4.102207492736261,2.0
149.000000,68.0,0.068,0.68,0.68,0.68,56.0,68.0,72.0,196.0,196.0,4.219507698376108,301.9416915338818,241.48927523087002,189.39256264701288,848.3016320000005,4.458596445154335,-0.550410143961356,4.276666119016054,4.127349164316319,2.0
15.003000,85.0,0.085,0.85,0.85,0.85,118.0,114.0,108.0,340.0,340.0,4.442651247990316,470.4298329975453,419.970548406287,379.6231480079324,1245.0582833378623,4.778071928568452,-0.3823657843712147,4.465908118654583,4.36208420583243,3.0
150.001000,66.0,0.066,0.66,0.66,0.66,56.0,70.0,62.0,188.0,188.0,4.1896547354264255,275.1869550045289,228.4966414313943,175.13458538225856,851.7485449518247,4.465571602358659,-0.5413239871401432,4.276666119016054,4.103057717656522,2.0
151.002000,66.0,0.066,0.66,0.66,0.66,66.0,68.0,80.0,214.0,214.0,4.1896547354264255,306.8502188225591,245.03100858065844,190.72483320284306,808.3062460465561,4.425914469898077,-0.4060152754048332,4.2484952420493585,4.105379869310329,2.0
152.003000,65.0,0.065,0.65,0.65,0.65,82.0,90.0,92.0,264.0,264.0,4.174387263395637,305.7683932384063,258.96371272049214,200.375586348794,784.3724402054845,4.444000401066943,-0.4795941453122996,4.2484952420493585,4.094121734965244,2.0
153.004000,66.0,0.066,0.66,0.66,0.66,66.0,74.0,84.0,224.0,224.0,4.1896547354264255,298.3985627386801,245.14342228558436,190.3368028545233,799.7240255336318,4.416872479115974,-0.46823936463376237,4.2484952420493585,4.09249815401389,2.0
154.005000,67.0,0.067,0.67,0.67,0.67,60.0,72.0,76.0,208.0,208.0,4.204692612690966,305.83572306849817,245.556961493869,192.78641991524475,841.2819211666185,4.449182613645905,-0.48522103451396026,4.276666119016054,4.101199316868466,2.0
155.000000,47.0,0.047,0.47,0.47,0.47,94.0,94.0,94.0,282.0,282.0,3.8501475970100585,345.43646975577997,331.4496938658923,300.39043212300834,458.4831958777022,3.8276316362949867,-1.083006824566197,3.850147601710058,3.220255641478542,1.0
156.001000,49.0,0.049,0.49,0.49,0.49,98.0,98.0,98.0,294.0,294.0,3.891820293210626,341.4782045145432,325.83918833756115,302.07036224993647,487.40809523112273,3.8892990732260295,-1.0234156756593475,3.891820298110627,3.296535277457224,1.0
157.002000,47.0,0.047,0.47,0.47,0.47,92.0,94.0,94.0,280.0,280.0,3.8501475970100585,345.9471636878178,319.68064797053853,308.84027344802644,455.7172432193171,3.829085668478481,-1.0265776318516426,3.850147601710058,3.2413539517433647,1.0
158.003000,46.0,0.046,0.46,0.46,0.46,80.0,84.0,90.0,254.0,254.0,3.8286413918890942,235.64384623697748,232.22961894793966,224.90914351073476,446.8409242488606,3.806244306085921,-1.076649467449622,3.8286413964890946,3.2237983275919393,1.0
159.004000,46.0,0.046,0.46,0.46,0.46,92.0,92.0,92.0,276.0,276.0,3.8286413918890942,374.4627565621277,316.984393172251,313.5093720047518,448.22174985328775,3.815528163564754,-1.0736631327226696,3.8286413964890946,3.2461973656031264,1.0
16.004000,85.0,0.085,0.85,0.85,0.85,122.0,116.0,108.0,346.0,346.0,4.442651247990316,455.26108583734214,422.80528826696155,385.32186118981406,1232.5090427654739,4.7557522423969685,-0.45195855132591056,4.4543472962535064,4.367926523186604,3.0
160.005000,50.0,0.05,0.5,0.5,0.5,100.0,100.0,100.0,300.0,300.0,3.9120230004281464,383.6681038596361,373.4267493149842,345.82514682537953,500.3968959840064,3.891048444757388,-0.9796822472576716,3.9120230054281455,3.4268801459961615,1.0
161.000000,88.0,0.088,0.88,0.88,0.88,110.0,118.0,120.0,348.0,348.0,4.477336805678206,471.6771160954618,420.14852435105064,395.5607231898514,1293.1918899441748,4.804404028049377,-0.4919375945936104,4.477336814478207,4.396181298125923,3.0
162.001000,84.0,0.084,0.84,0.84,0.84,110.0,88.0,104.0,302.0,302.0,4.430816790443312,433.31939421690413,373.6362608768443,354.6395830014893,1226.3088749590188,4.758559037011837,-0.47909048857109005,4.442651256490314,4.384357622755495,3.0
163.002000,85.0,0.085,0.85,0.85,0.85,116.0,110.0,118.0,344.0,344.0,4.442651247990316,436.6937809423912,415.26300414204616,387.3843913861504,1236.694665720663,4.738969006914987,-0.46127878068746764,4.442651256490314,4.390224994865308,3.0
164.003000,83.0,0.083,0.83,0.83,0.83,102.0,110.0,116.0,328.0,328.0,4.418840599496599,441.11230525554964,431.28056146896887,423.5107477333131,1219.9518659315688,4.688482021647766,-0.537915931679021,4.4188406077966,4.228973498762813,3.0
165.004000,86.0,0.086,0.86,0.86,0.86,126.0,118.0,100.0,344.0,344.0,4.454347287653507,442.1362045663103,403.9411428805056,378.31800139039336,1242.9183226548573,4.752918977897005,-0.4728176032511757,4.4543472962535064,4.377665440076893,3.0
166.005000,86.0,0.086,0.86,0.86,0.86,96.0,116.0,122.0,334.0,334.0,4.454347287653507,451.2070050599775,410.23545922960915,377.27846594297154,1251.8497882368229,4.752270376207736,-0.402946554125144,4.4543472962535064,4.365620896961094,3.0
167.000000,46.0,0.046,0.46,0.46,0.46,92.0,92.0,92.0,276.0,276.0,3.8286413918890942,456.63407804643333,406.81418180164667,404.4213053693117,449.10086400000006,3.803504266981304,-1.1234628067136925,3.8286413964890946,3.196222092689922,1.0
168.001000,47.0,0.047,0.47,0.47,0.47,94.0,94.0,94.0,282.0,282.0,3.8501475970100585,323.5654869266349,312.45394815596114,282.36354364080825,459.9551851499064,3.8427651580991067,-1.0346909804091076,3.850147601710058,3.255447251677596,1.0
169.002000,48.0,0.048,0.48,0.48,0.48,96.0,96.0,96.0,288.0,288.0,3.8712010061078903,429.52822623958036,407.544128412179,398.2193120149069,475.6083567713471,3.86146102372915,-1.0030032780137854,3.871201010907891,3.2553470168389427,1.0
17.005000,86.0,0.086,0.86,0.86,0.86,116.0,110.0,112.0,338.0,338.0,4.454347287653507,450.70878487933476,422.8375761281844,399.19782503899285,1237.4004887738993,4.744091792258914,-0.4147225147080156,4.4543472962535064,4.363469791584996,3.0
170.003000,50.0,0.05,0.5,0.5,0.5,100.0,98.0,98.0,296.0,296.0,3.9120230004281464,339.05733641942516,325.2178524752467,310.6848111053283,503.7313421018121,3.8841560230635532,-0.9728813301278856,3.9120230054281455,3.4391372431678082,1.0
171.004000,46.0,0.046,0.46,0.46,0.46,88.0,90.0,88.0,266.0,266.0,3.8286413918890942,292.67777028921387,270.5914605137774,253.64381267526957,437.34004752533303,3.7918302540731426,-1.1017069543932005,3.8286413964890946,3.214069259065389,1.0
172.005000,48.0,0.048,0.48,0.48,0.48,96.0,96.0,96.0,288.0,288.0,3.8712010061078903,450.4845946615859,425.7434789514698,383.5219263869445,469.4520101215014,3.841966796343172,-1.0037039680382318,3.871201010907891,3.2371070857437574,1.0
173.000000,104.0,0.104,1.04,1.04,1.04,132.0,126.0,118.0,376.0,376.0,4.644390888741372,543.7009164286909,524.9075359011131,515.1992399778882,1842.2789480335855,5.075919407773385,-0.7489142728958265,4.6443908991413725,4.517307114162961,4.0
174.001000,101.0,0.101,1.01,1.01,1.01,200.0,200.0,198.0,598.0,598.0,4.615120506741261,582.3545621329673,577.9531288969123,553.9497347126949,1740.034325131748,5.04243187462058,-0.7603331650420282,4.6151205168412615,4.555266788379787,4.0
175.002000,106.0,0.106,1.06,1.06,1.06,122.0,110.0,146.0,378.0,378.0,4.663439083512067,595.3689570959808,568.26862402776,538.4944943479568,1896.8736077295964,5.120303732770658,-0.7049764830854803,4.663439094112068,4.622217016724144,4.0
176.003000,105.0,0.105,1.05,1.05,1.05,132.0,134.0,142.0,408.0,408.0,4.653960339657523,564.7206455482693,548.0496230131012,508.2202076291057,1829.0918719781662,5.079990855118144,-0.7086840720039058,4.653960350157524,4.592566856922938,4.0
177.004000,106.0,0.106,1.06,1.06,1.06,118.0,120.0,142.0,380.0,380.0,4.663439083512067,625.0131248147911,572.8662765602139,544.6111646627306,1831.371497913594,5.115675566571444,-0.7383541937551414,4.663439094112068,4.6228835653058065,4.0
178.005000,96.0,0.096,0.96,0.96,0.96,114.0,116.0,128.0,358.0,358.0,4.564348181867836,491.5768260668272,454.9399933816925,417.0248472181472,1560.5191809145356,4.980393123383724,-0.7407069251667169,4.5849674786705705,4.465084993112652,4.0
179.000000,47.0,0.047,0.47,0.47,0.47,94.0,94.0,94.0,282.0,282.0,3.8501475970100585,345.7637732241252,331.800827548031,300.30773965337534,458.483195877702,3.8276316362949867,-1.0830068245661983,3.850147601710058,3.220255641478542,1.0
18.000000,46.0,0.046,0.46,0.46,0.46,92.0,92.0,92.0,276.0,276.0,3.8286413918890942,455.7686498545671,406.96308353121947,405.4856579185612,449.1008640000002,3.8035042669813035,-1.1234628067136936,3.8286413964890946,3.196222092689922,1.0
180.001000,47.0,0.047,0.47,0.47,0.47,94.0,94.0,94.0,282.0,282.0,3.8501475970100585,363.6802546165428,334.4682643007279,324.14935342315493,459.81079373108906,3.8280950161454137,-1.0159208107044897,3.850147601710058,3.2416773664491374,1.0
181.002000,46.0,0.046,0.46,0.46,0.46,92.0,92.0,92.0,276.0,276.0,3.8286413918890942,401.7215611352305,373.3076241633234,349.92733644057694,446.4621608828071,3.806871963324813,-1.0697957997637069,3.8286413964890946,3.233682528702939,1.0
182.003000,50.0,0.05,0.5,0.5,0.5,100.0,98.0,100.0,298.0,298.0,3.9120230004281464,342.94156731761313,315.2689953406369,312.5494373417501,505.5663622918744,3.8899896027997984,-0.9813456048139182,3.9120230054281455,3.4590406347546434,1.0
183.004000,49.0,0.049,0.49,0.49,0.49,98.0,98.0,96.0,292.0,292.0,3.891820293210626,350.92920737170135,320.2534324052148,318.20511532512455,495.62010047806643,3.870222477111276,-0.9867660215764951,3.891820298110627,3.2612311450132627,1.0
184.005000,47.0,0.047,0.47,0.47,0.47,92.0,90.0,88.0,270.0,270.0,3.8501475970100585,307.53761875718044,273.0158195881439,261.8295403780801,468.16125838095115,3.818353450882993,-1.0748071476127683,3.850147601710058,3.2414641999273246,1.0
185.000000,88.0,0.088,0.88,0.88,0.88,110.0,118.0,120.0,348.0,348.0,4.477336805678206,471.67711609546154,420.1485243510505,395.5607231898514,1293.191889944175,4.804404028049376,-0.49193759459361,4.477336814478207,4.396181298125923,3.0
186.001000,85.0,0.085,0.85,0.85,0.85,108.0,102.0,100.0,310.0,310.0,4.442651247990316,436.2531116390258,400.2838069817351,369.4866107910036,1232.2161793668172,4.747116152931807,-0.3114498549472948,4.442651256490314,4.37575645273212,3.0
187.002000,87.0,0.087,0.87,0.87,0.87,114.0,122.0,120.0,356.0,356.0,4.465908109954582,475.74853019065404,437.1774453315941,405.51080608694735,1277.95615617927,4.791593759198894,-0.4782348077851162,4.465908118654583,4.394151475215283,3.0
188.003000,86.0,0.086,0.86,0.86,0.86,114.0,116.0,120.0,350.0,350.0,4.454347287653507,458.83907741039974,413.62732221388507,396.4173213059478,1267.6906391039483,4.751609184955616,-0.4282235553662552,4.4543472962535064,4.378491753897935,3.0
189.004000,85.0,0.085,0.85,0.85,0.85,114.0,110.0,104.0,328.0,328.0,4.442651247990316,455.36787593553123,402.0350953897574,376.80879338059356,1229.5677235216367,4.746725243286753,-0.3616591370027247,4.4543472962535064,4.369962681499002,3.0
19.001000,49.0,0.049,0.49,0.49,0.49,98.0,98.0,98.0,294.0,294.0,3.891820293210626,333.9738121326806,327.76652183203373,295.3208905250813,484.6067879195052,3.871593016603495,-1.0074902139478428,3.891820298110627,3.2685042495961207,1.0
190.005000,83.0,0.083,0.83,0.83,0.83,114.0,118.0,118.0,350.0,350.0,4.418840599496599,434.37677255089284,432.44097464937744,415.4955058117783,1207.9435481162823,4.681835277979487,-0.5082616331143601,4.4188406077966,4.22140192921781,3.0
191.000000,85.0,0.085,0.85,0.85,0.85,102.0,120.0,108.0,330.0,330.0,4.442651247990316,445.92539572254236,395.8672249135521,385.1720852462588,1271.659552876972,4.761182277616904,-0.4924362948154677,4.4543472962535064,4.400715667464976,3.0
192.001000,87.0,0.087,0.87,0.87,0.87,106.0,108.0,108.0,322.0,322.0,4.465908109954582,432.92911843074387,386.82551729598515,354.5901918594778,1265.6199379932955,4.781039348049262,-0.5333216511034777,4.465908118654583,4.3707659145721225,3.0
193.002000,84.0,0.084,0.84,0.84,0.84,126.0,116.0,114.0,356.0,356.0,4.430816790443312,446.002497997666,431.60584536752185,416.3440375871928,1239.2898961367657,4.709416264364949,-0.5236208500872528,4.4308167988433125,4.238600732183787,3.0
194.003000,84.0,0.084,0.84,0.84,0.84,116.0,110.0,114.0,340.0,340.0,4.430816790443312,441.5158217457467,415.64194459849216,384.60413841766604,1230.388019487274,4.699894349316292,-0.48189365168368026,4.4308167988433125,4.2309981407344806,3.0
195.004000,84.0,0.084,0.84,0.84,0.84,114.0,106.0,102.0,322.0,322.0,4.430816790443312,436.4279665931203,369.03082759737396,356.3031105714111,1211.099759498685,4.724343392596056,-0.39126680627194776,4.4308167988433125,4.235776030665018,3.0
196.005000,86.0,0.086,0.86,0.86,0.86,114.0,118.0,118.0,350.0,350.0,4.454347287653507,457.94336564384537,412.60312387557383,402.05816164337125,1276.8987471548598,4.730513700666035,-0.4648216184516478,4.4543472962535064,4.358519120456929,3.0
197.000000,88.0,0.088,0.88,0.88,0.88,110.0,118.0,120.0,348.0,348.0,4.477336805678206,471.6771160954616,420.1485243510504,395.5607231898514,1293.191889944175,4.804404028049377,-0.4919375945936144,4.477336814478207,4.396181298125923,3.0
198.001000,87.0,0.087,0.87,0.87,0.87,110.0,104.0,108.0,322.0,322.0,4.465908109954582,458.46053148091363,410.617605627385,393.1747364549198,1276.6982746622825,4.796928963266158,-0.47735871081562786,4.465908118654583,4.381471522673137,3.0
199.002000,86.0,0.086,0.86,0.86,0.86,104.0,110.0,112.0,326.0,326.0,4.454347287653507,478.6746901925628,417.45115365507814,407.3625282453825,1269.7846270203518,4.7803613995881475,-0.4616227599864313,4.465908118654583,4.365542251223635,3.0
2.5_vac,116.0,0.116,1.16,1.16,1.16,116.0,134.0,124.0,374.0,374.0,4.753590179506363,636.185911388809,611.9481989766928,549.7279586000151,2119.1994996545054,5.302402088933677,-0.6389396108895573,4.762173934797756,4.78293242377552,5.0
20.002000,47.0,0.047,0.47,0.47,0.47,94.0,94.0,94.0,282.0,282.0,3.8501475970100585,347.99724380091243,316.8370258356909,293.12317717190734,459.13395183143456,3.831820668551678,-1.0558927974198342,3.850147601710058,3.2527815827233306,1.0
200.003000,88.0,0.088,0.88,0.88,0.88,112.0,120.0,112.0,344.0,344.0,4.477336805678206,466.7041842357602,403.88279302666297,381.4130227375766,1299.880281548356,4.80417935681656,-0.4504993864032727,4.477336814478207,4.37028879576289,3.0
201.004000,86.0,0.086,0.86,0.86,0.86,108.0,112.0,110.0,330.0,330.0,4.454347287653507,449.0550260010378,408.4382142928321,386.36722482240873,1256.3220264068852,4.751712879786139,-0.4959142986106637,4.4543472962535064,4.373113160250815,3.0
202.005000,87.0,0.087,0.87,0.87,0.87,114.0,116.0,118.0,348.0,348.0,4.465908109954582,460.4362096225255,402.28981539148384,387.1130554457606,1308.111763104297,4.828401114951343,-0.5653177784076782,4.488636369732139,4.364133233558091,3.0
203.000000,67.0,0.067,0.67,0.67,0.67,56.0,72.0,68.0,196.0,196.0,4.204692612690966,292.8830303313043,235.95126819199234,185.49405968565873,848.3016320000002,4.458596445154334,-0.5504101439613591,4.276666119016054,4.127349164316319,2.0
204.001000,65.0,0.065,0.65,0.65,0.65,56.0,70.0,70.0,196.0,196.0,4.174387263395637,264.5276864249027,214.49420883819116,178.33195089075224,849.206219549935,4.468699056184625,-0.5493266390107294,4.276666119016054,4.110512379587964,2.0
205.002000,69.0,0.069,0.69,0.69,0.69,68.0,86.0,96.0,250.0,250.0,4.234106497697257,314.62024272931365,276.4461736012851,240.23793149548828,834.6204803371799,4.449872877230932,-0.48537894721504227,4.262679877041316,4.112656741192786,2.0
206.003000,63.0,0.063,0.63,0.63,0.63,68.0,82.0,84.0,234.0,234.0,4.143134720091535,301.2601939512864,236.30979430794946,188.77921808997058,767.0053834438894,4.371621316116198,-0.5010145599415345,4.219507705176109,4.000688702016552,2.0
207.004000,69.0,0.069,0.69,0.69,0.69,70.0,84.0,90.0,244.0,244.0,4.234106497697257,324.777376362064,281.7711308400953,222.610913087696,834.1058088441565,4.468933482514184,-0.46291598937029965,4.276666119016054,4.086883160778633,2.0
208.005000,66.0,0.066,0.66,0.66,0.66,76.0,70.0,86.0,232.0,232.0,4.1896547354264255,309.2857230631083,251.81773903467365,193.74502275070287,806.3920247301403,4.404299875314162,-0.48710188298932744,4.2484952420493585,4.094651362574629,2.0
209.000000,68.0,0.068,0.68,0.68,0.68,62.0,74.0,74.0,210.0,210.0,4.219507698376108,321.6414447654716,249.2294536168036,201.3349839706661,848.3016319999997,4.458596445154335,-0.5504101439613573,4.276666119016054,4.127349164316319,2.0
21.003000,46.0,0.046,0.46,0.46,0.46,92.0,92.0,88.0,272.0,272.0,3.8286413918890942,287.2922631298578,268.89717586997506,244.6801262175584,435.3477543005978,3.7998467132060476,-1.0642799211692275,3.8286413964890946,3.2308055952421695,1.0
210.001000,71.0,0.071,0.71,0.71,0.71,80.0,74.0,94.0,248.0,248.0,4.262679869941316,312.8905987193447,286.20804550539265,231.32389098653007,831.0289288967008,4.447314752532887,-0.5176943219377765,4.262679877041316,4.107588266609513,2.0
211.002000,66.0,0.066,0.66,0.66,0.66,68.0,82.0,78.0,228.0,228.0,4.1896547354264255,301.1509759750842,249.78472709165504,188.06429693326075,852.2139252238763,4.477892422452371,-0.5028247900981402,4.276666119016054,4.120703599365216,2.0
212.003000,66.0,0.066,0.66,0.66,0.66,70.0,74.0,80.0,224.0,224.0,4.1896547354264255,307.15142822673056,249.9669451920565,185.73011142969784,803.3075216298112,4.4187695498722555,-0.512027023773344,4.2484952420493585,4.087110320015328,2.0
213.004000,64.0,0.064,0.64,0.64,0.64,76.0,72.0,70.0,218.0,218.0,4.158883076959672,296.54400797702624,237.27516047673353,173.74333154624026,761.8763387896811,4.406512049162609,-0.38485276071030095,4.234106504597262,4.00596562229048,2.0
214.005000,68.0,0.068,0.68,0.68,0.68,78.0,86.0,92.0,256.0,256.0,4.219507698376108,335.2841817606906,261.0507194370323,221.2827458611007,800.6648309638327,4.408178117217635,-0.5289464028300346,4.2484952420493585,4.086707977289642,2.0
215.000000,106.0,0.106,1.06,1.06,1.06,166.0,152.0,162.0,480.0,480.0,4.663439083512067,600.2053592346656,580.0059453630549,550.637752006053,1897.3092086379836,5.108851781593429,-0.7451032524816315,4.663439094112068,4.572319165886587,4.0
216.001000,99.0,0.099,0.99,0.99,0.99,136.0,140.0,152.0,428.0,428.0,4.595119840234592,572.4381394713134,555.0369547521268,548.6461178977712,1711.834311070734,5.000832330647326,-0.7635100227631217,4.5951198501345925,4.4919675409849456,4.0
217.002000,104.0,0.104,1.04,1.04,1.04,140.0,136.0,136.0,412.0,412.0,4.644390888741372,584.3828971463198,575.9273872533429,511.2858694464909,1821.5782059018643,5.0864208132046365,-0.7419178813505156,4.6443908991413725,4.53746156324927,4.0
218.003000,100.0,0.1,1.0,1.0,1.0,118.0,122.0,120.0,360.0,360.0,4.605170175988092,496.4722177443015,482.1227132995107,463.3650689561876,1726.5517979238807,5.0363033942294875,-0.7842161973570256,4.605170185988092,4.574013426493878,4.0
219.004000,101.0,0.101,1.01,1.01,1.01,152.0,144.0,142.0,438.0,438.0,4.615120506741261,581.9903473512325,560.6702752406153,472.7453180022119,1646.508269020869,5.014068871218175,-0.7665910396247098,4.6151205168412615,4.5441552173137945,4.0
22.004000,49.0,0.049,0.49,0.49,0.49,98.0,98.0,98.0,294.0,294.0,3.891820293210626,368.74791190128207,368.2359466805084,332.4038965202503,478.923111057096,3.864649728277834,-0.972359835834331,3.891820298110627,3.263158267187335,1.0
220.005000,102.0,0.102,1.02,1.02,1.02,156.0,152.0,148.0,456.0,456.0,4.624972803084271,586.2300129394918,572.4049039394155,526.149396846583,1766.0745278225822,5.048934376187788,-0.7359899497368083,4.6249728132842725,4.548744465408682,4.0
221.000000,102.0,0.102,1.02,1.02,1.02,128.0,132.0,132.0,392.0,392.0,4.624972803084271,544.1198850219492,511.5121398267658,477.1130731905006,1811.9047846631438,5.060964619134362,-0.7536235369404309,4.634728988229636,4.518393374914579,4.0
222.001000,102.0,0.102,1.02,1.02,1.02,144.0,148.0,158.0,450.0,450.0,4.624972803084271,592.0410054683435,556.2527382685805,516.3140994003307,1729.8604592240713,5.064539606528037,-0.7131941841305753,4.6249728132842725,4.544225635623455,4.0
223.002000,100.0,0.1,1.0,1.0,1.0,136.0,150.0,144.0,430.0,430.0,4.605170175988092,573.5312844802088,538.3271670914008,497.7615484283903,1676.3336464260099,5.015306672656118,-0.7287079681726167,4.605170185988092,4.572139272511171,4.0
224.003000,101.0,0.101,1.01,1.01,1.01,130.0,126.0,142.0,398.0,398.0,4.615120506741261,526.5752439457253,492.62098437769225,476.17010831024584,1673.6431852499268,5.04260429875822,-0.7242953163776549,4.6151205168412615,4.560448678919919,4.0
225.004000,101.0,0.101,1.01,1.01,1.01,132.0,126.0,128.0,386.0,386.0,4.615120506741261,542.104686642266,533.5792864246152,523.7615714875742,1744.8645800037993,5.014800039357642,-0.6866450814513625,4.6151205168412615,4.530112443720666,4.0
226.005000,104.0,0.104,1.04,1.04,1.04,128.0,128.0,126.0,382.0,382.0,4.644390888741372,541.8973428602283,508.0863909294967,505.7470354410446,1855.097699402639,5.092918970256283,-0.70664650272328,4.653960350157524,4.609966740098127,4.0
227.000000,50.0,0.05,0.5,0.5,0.5,100.0,100.0,100.0,300.0,300.0,3.9120230004281464,504.4866899840701,503.9472162361383,455.32609377979117,499.0009600000002,3.8988241098069407,-1.0043803571106236,3.9120230054281455,3.410728097997028,1.0
228.001000,47.0,0.047,0.47,0.47,0.47,94.0,94.0,94.0,282.0,282.0,3.8501475970100585,358.8306578290342,339.73875813916,311.8135627552097,456.46595631259385,3.8242801657148906,-1.0653373203046932,3.850147601710058,3.2429702815167967,1.0
229.002000,48.0,0.048,0.48,0.48,0.48,88.0,96.0,84.0,268.0,268.0,3.8712010061078903,292.69293202933045,258.879284341742,248.42778362892753,465.862468158569,3.872553688850098,-1.0178468259212954,3.871201010907891,3.268478456910105,1.0
23.005000,50.0,0.05,0.5,0.5,0.5,100.0,100.0,100.0,300.0,300.0,3.9120230004281464,397.31080552209454,391.33491871927464,354.31427575863086,495.4065596287016,3.895871736559318,-0.9915897409069898,3.9120230054281455,3.4291242770502395,1.0
230.003000,47.0,0.047,0.47,0.47,0.47,94.0,90.0,94.0,278.0,278.0,3.8501475970100585,309.4891703341338,281.11918013035773,263.6895218759339,457.5356293594264,3.8378422855220315,-1.0722413702749103,3.850147601710058,3.263328848385844,1.0
231.004000,50.0,0.05,0.5,0.5,0.5,100.0,100.0,100.0,300.0,300.0,3.9120230004281464,434.2349057017723,421.60626235844364,374.7188319397843,495.40840848445737,3.8874126917839,-0.9638961674588606,3.9120230054281455,3.4195083785048297,1.0
232.005000,49.0,0.049,0.49,0.49,0.49,98.0,98.0,98.0,294.0,294.0,3.891820293210626,323.4263201451956,313.80136318280256,279.75190850873673,479.84002991790635,3.8679554767682838,-1.0089091961554444,3.891820298110627,3.267424564307531,1.0
233.000000,66.0,0.066,0.66,0.66,0.66,64.0,70.0,76.0,210.0,210.0,4.1896547354264255,305.80400851587257,240.16222994006085,184.7610342713393,808.6482809761642,4.420914380817327,-0.5368796262542777,4.2484952420493585,4.121679172275211,2.0
234.001000,71.0,0.071,0.71,0.71,0.71,82.0,82.0,98.0,262.0,262.0,4.262679869941316,328.5164966974265,296.93033086766826,240.86303158983497,823.064997259472,4.433709425336145,-0.5566297616912803,4.262679877041316,4.107195082627134,2.0
235.002000,70.0,0.07,0.7,0.7,0.7,74.0,84.0,88.0,246.0,246.0,4.248495235049358,349.82146286806733,287.70068772187085,234.04927798149063,849.9175934574052,4.491524532867587,-0.5109449943992095,4.29045944114839,4.1015512681830355,2.0
236.003000,67.0,0.067,0.67,0.67,0.67,84.0,92.0,94.0,270.0,270.0,4.204692612690966,315.0102190324583,272.32090161541686,216.43007338197566,818.5628571080761,4.469203833114368,-0.43617261762803183,4.262679877041316,4.108457713918323,2.0
237.004000,66.0,0.066,0.66,0.66,0.66,76.0,82.0,88.0,246.0,246.0,4.1896547354264255,309.5439508720103,256.02465688244274,192.79502860918336,774.01372936253,4.38244385077455,-0.5410595023789755,4.234106504597262,3.9909337370941103,2.0
238.005000,68.0,0.068,0.68,0.68,0.68,76.0,86.0,100.0,262.0,262.0,4.219507698376108,325.20838266056796,283.97158977036014,224.79061580436604,805.0940238794325,4.403592007179432,-0.4654635602073687,4.2484952420493585,4.091308909788476,2.0
239.000000,104.0,0.104,1.04,1.04,1.04,132.0,114.0,132.0,378.0,378.0,4.644390888741372,541.1158523823881,511.4930143056157,494.62190254276544,1823.5666762941673,5.131897680260993,-0.5457349688101192,4.663439094112068,4.662510779304074,4.0
24.000000,85.0,0.085,0.85,0.85,0.85,102.0,120.0,108.0,330.0,330.0,4.442651247990316,445.92539572254225,395.867224913552,385.1720852462588,1271.6595528769722,4.761182277616904,-0.4924362948154535,4.4543472962535064,4.400715667464976,3.0
240.001000,99.0,0.099,0.99,0.99,0.99,98.0,84.0,92.0,274.0,274.0,4.595119840234592,441.0574673011117,413.64873214783324,385.45541671267114,1789.538594979946,5.1048201986652595,-0.4254206342047464,4.6443908991413725,4.577471671032403,4.0
241.002000,98.0,0.098,0.98,0.98,0.98,122.0,94.0,116.0,332.0,332.0,4.584967468870572,490.6134857970839,481.9899394196015,443.76392172209,1771.5066563950875,5.111356314741249,-0.46396906871061194,4.653960350157524,4.654719092467242,4.0
242.003000,91.0,0.091,0.91,0.91,0.91,92.0,84.0,86.0,262.0,262.0,4.51085949741685,393.8773924287086,389.08726208459507,333.16721361856474,1602.3419618150479,5.047322870383424,-0.39191086701873123,4.6151205168412615,4.578285672058075,4.0
243.004000,94.0,0.094,0.94,0.94,0.94,86.0,86.0,82.0,254.0,254.0,4.543294772870005,417.61994222405616,406.058287636337,324.6196424800326,1603.782463604455,5.088569680166088,-0.44192412489030675,4.634728988229636,4.565240085006934,4.0
244.005000,95.0,0.095,0.95,0.95,0.95,94.0,98.0,102.0,294.0,294.0,4.553876882100542,421.8587819372892,413.6983991344177,338.463871559872,1613.1067524760933,5.080317064445033,-0.434774304790829,4.634728988229636,4.538550704939643,4.0
245.000000,47.0,0.047,0.47,0.47,0.47,94.0,94.0,94.0,282.0,282.0,3.8501475970100585,345.4364697557801,331.44969386589247,300.3904321230084,458.48319587770203,3.8276316362949867,-1.0830068245662003,3.850147601710058,3.2202556414785426,1.0
246.001000,48.0,0.048,0.48,0.48,0.48,86.0,96.0,86.0,268.0,268.0,3.8712010061078903,294.02085300520946,264.1027674208388,249.83471290728508,462.6848913253118,3.8536545930378288,-1.054598467317701,3.871201010907891,3.2583811153438647,1.0
247.002000,47.0,0.047,0.47,0.47,0.47,94.0,94.0,94.0,282.0,282.0,3.8501475970100585,347.2640980262276,317.15167038082285,306.0523166993327,458.3758574891876,3.8281642866306993,-1.0374306725786195,3.850147601710058,3.2427310956339768,1.0
248.003000,46.0,0.046,0.46,0.46,0.46,92.0,92.0,92.0,276.0,276.0,3.8286413918890942,380.31624037096793,329.50407483243873,319.0927282748539,448.9685886040101,3.82463519670598,-1.06809277367574,3.8286413964890946,3.250219655183539,1.0
249.004000,50.0,0.05,0.5,0.5,0.5,94.0,98.0,94.0,286.0,286.0,3.9120230004281464,331.2126086642655,311.05444698406797,292.6929443516664,498.0310634403844,3.8787184238038113,-0.9383344464666021,3.9120230054281455,3.4315808219621546,1.0
25.001000,86.0,0.086,0.86,0.86,0.86,110.0,116.0,106.0,332.0,332.0,4.454347287653507,444.56513015244894,395.4570316526835,372.3964428460305,1253.5134858201309,4.76252526632649,-0.3672613710663666,4.4543472962535064,4.377366707773964,3.0
250.005000,48.0,0.048,0.48,0.48,0.48,96.0,96.0,96.0,288.0,288.0,3.8712010061078903,338.21522263567874,308.34256653228744,305.4005441653671,475.92372594480844,3.856117347598394,-0.9927971268074409,3.871201010907891,3.2695800784371998,1.0
251.000000,106.0,0.106,1.06,1.06,1.06,150.0,148.0,166.0,464.0,464.0,4.663439083512067,613.9835670718036,591.59511338626,561.4024516174082,1903.9589476428966,5.109114389193385,-0.7459624951125683,4.663439094112068,4.583443317689523,4.0
252.001000,102.0,0.102,1.02,1.02,1.02,138.0,148.0,152.0,438.0,438.0,4.624972803084271,595.0683858630453,579.1633429434555,554.5525849189895,1774.3015962602967,5.053019658214272,-0.7577795643215008,4.6249728132842725,4.545049822907736,4.0
253.002000,104.0,0.104,1.04,1.04,1.04,132.0,130.0,140.0,402.0,402.0,4.644390888741372,543.8161157546893,527.0694389124419,493.0182914867151,1816.3541478958828,5.089569108477504,-0.7326771112533805,4.6443908991413725,4.559545007923332,4.0
254.003000,101.0,0.101,1.01,1.01,1.01,134.0,128.0,122.0,384.0,384.0,4.615120506741261,566.7970102974866,540.8071680431119,523.7621582930651,1786.0912226619862,5.064358077490323,-0.7728812861547087,4.6249728132842725,4.564737434001058,4.0
255.004000,101.0,0.101,1.01,1.01,1.01,148.0,134.0,148.0,430.0,430.0,4.615120506741261,553.745947313091,543.0353549417722,510.4266185372158,1757.9824711061706,5.034588553921423,-0.7567260914424816,4.6249728132842725,4.53948625889816,4.0
256.005000,98.0,0.098,0.98,0.98,0.98,136.0,118.0,138.0,392.0,392.0,4.584967468870572,545.687653807144,535.9402517184757,517.2088291682577,1699.2247163572304,4.984165831894448,-0.7448582095562695,4.5951198501345925,4.477976582256581,4.0
257.000000,85.0,0.085,0.85,0.85,0.85,102.0,120.0,108.0,330.0,330.0,4.442651247990316,445.92539572254225,395.867224913552,385.1720852462588,1271.6595528769724,4.7611822776169035,-0.4924362948154619,4.4543472962535064,4.400715667464976,3.0
258.001000,86.0,0.086,0.86,0.86,0.86,100.0,110.0,108.0,318.0,318.0,4.454347287653507,462.90187489830186,403.0335636558064,384.78549167844994,1285.7793508614282,4.80138724376737,-0.3927708601162818,4.465908118654583,4.379836264517141,3.0
259.002000,84.0,0.084,0.84,0.84,0.84,108.0,104.0,114.0,326.0,326.0,4.430816790443312,437.31034971745214,380.3447579820339,360.24965420527553,1203.5781487207646,4.712135885318466,-0.42036333486514543,4.4308167988433125,4.221003273814312,3.0
26.002000,88.0,0.088,0.88,0.88,0.88,106.0,118.0,110.0,334.0,334.0,4.477336805678206,466.850562480282,403.6395134827008,393.12356040065356,1306.3383027603868,4.7933114170604,-0.5331945958221116,4.477336814478207,4.360198191793362,3.0
260.003000,87.0,0.087,0.87,0.87,0.87,110.0,100.0,102.0,312.0,312.0,4.465908109954582,456.6819507282152,399.7506335559286,365.5444272101094,1250.7461149090918,4.769263936328132,-0.39060283618395797,4.465908118654583,4.363947303386214,3.0
261.004000,90.0,0.09,0.9,0.9,0.9,110.0,120.0,118.0,348.0,348.0,4.499809661330265,505.4417823590154,420.71771191017154,409.2405057308133,1330.8583935166175,4.831589374282796,-0.4437290290466622,4.499809670330265,4.42932422182121,3.0
262.005000,87.0,0.087,0.87,0.87,0.87,118.0,98.0,108.0,324.0,324.0,4.465908109954582,460.6430402984863,400.28555674932875,373.3702535268972,1244.7367892413536,4.768121756570212,-0.4464846514487939,4.465908118654583,4.325710551176197,3.0
263.000000,104.0,0.104,1.04,1.04,1.04,130.0,132.0,134.0,396.0,396.0,4.644390888741372,564.9943529510585,521.9820336326901,496.0428441854823,1860.5915160435427,5.093224129661462,-0.7477238404063824,4.653960350157524,4.580282026131226,4.0
264.001000,100.0,0.1,1.0,1.0,1.0,200.0,200.0,200.0,600.0,600.0,4.605170175988092,601.3907458867432,562.6120250724813,531.0772290407751,1656.7375558167012,5.0192602644173965,-0.744047016026895,4.605170185988092,4.55228631865097,4.0
265.002000,103.0,0.103,1.03,1.03,1.03,140.0,134.0,134.0,408.0,408.0,4.634728977929635,564.8882627622303,544.3609975901261,525.0808367350223,1807.2986420135285,5.069992802699988,-0.7314627688323507,4.634728988229636,4.550094054113868,4.0
266.003000,100.0,0.1,1.0,1.0,1.0,140.0,144.0,136.0,420.0,420.0,4.605170175988092,561.6255476336391,528.8081459018715,515.2263064644893,1818.8072520758112,5.073112911887696,-0.7280758153129212,4.634728988229636,4.5391432233254205,4.0
267.004000,99.0,0.099,0.99,0.99,0.99,126.0,112.0,128.0,366.0,366.0,4.595119840234592,500.8328370523907,491.38027092175633,475.94850818746903,1711.6748491539204,5.001661436133602,-0.7232617045841132,4.605170185988092,4.540300095628929,4.0
268.005000,100.0,0.1,1.0,1.0,1.0,134.0,150.0,148.0,432.0,432.0,4.605170175988092,569.4907523403002,525.1590428910303,502.9302047686692,1675.227133217882,5.014239135627555,-0.6917923432097695,4.605170185988092,4.5533270342468795,4.0
269.000000,105.0,0.105,1.05,1.05,1.05,106.0,106.0,116.0,328.0,328.0,4.653960339657523,507.68528614537195,466.97754980398963,459.2419259554004,2286.2432220689475,5.373243419834542,-0.6035726016497946,4.787491742782048,4.768490269046956,5.0
27.003000,87.0,0.087,0.87,0.87,0.87,82.0,112.0,112.0,306.0,306.0,4.465908109954582,463.5057974978993,391.4920717927686,386.3814410541593,1283.3429161027022,4.793434980117308,-0.40469993497826584,4.465908118654583,4.377913719373952,3.0
270.001000,109.0,0.109,1.09,1.09,1.09,106.0,116.0,114.0,336.0,336.0,4.691347871329143,537.3161234935886,499.79891256395433,461.45377128190677,2312.7205041262328,5.370531656218882,-0.5088631459143476,4.7957905455967405,4.823788357692429,5.0
271.002000,111.0,0.111,1.11,1.11,1.11,106.0,108.0,110.0,324.0,324.0,4.7095301902123365,561.910808579453,483.37458225585254,460.8407352908207,2293.713914843627,5.391678530643351,-0.5365543464703486,4.7957905455967405,4.808996152991011,5.0
272.003000,112.0,0.112,1.12,1.12,1.12,118.0,122.0,146.0,386.0,386.0,4.718498860095095,649.7595020101783,624.2941467174579,614.1606369866496,2109.3239960335814,5.248224136743873,-0.5478500694000856,4.72738781871234,4.708282620535852,5.0
273.004000,105.0,0.105,1.05,1.05,1.05,98.0,96.0,116.0,310.0,310.0,4.653960339657523,517.2917912298394,456.83617034825136,407.0529908028614,2078.1917173701077,5.303022945204668,-0.4421717698000407,4.753590191106363,4.747129245149815,5.0
274.005000,107.0,0.107,1.07,1.07,1.07,104.0,104.0,116.0,324.0,324.0,4.672828823761908,540.6485947668416,501.43398925079947,486.36601411319987,2240.565144102052,5.356798939102915,-0.5630817831510222,4.779123493111529,4.7526187288889,5.0
275.000000,103.0,0.103,1.03,1.03,1.03,148.0,140.0,150.0,438.0,438.0,4.634728977929635,592.5720101009052,561.3301811882772,540.1560611380017,1843.5122383014482,5.078789068384276,-0.7436635960636084,4.6443908991413725,4.523741762398985,4.0
276.001000,101.0,0.101,1.01,1.01,1.01,122.0,122.0,120.0,364.0,364.0,4.615120506741261,513.9663427765147,505.25407745503776,475.9875005605271,1765.8756629399636,5.051889607989767,-0.7750347579365231,4.6249728132842725,4.548856320177232,4.0
277.002000,103.0,0.103,1.03,1.03,1.03,158.0,152.0,154.0,464.0,464.0,4.634728977929635,584.1733674099277,554.6052681192922,510.89126738340195,1736.5727072080522,5.076508934419597,-0.762323722194159,4.634728988229636,4.559424110364942,4.0
278.003000,104.0,0.104,1.04,1.04,1.04,138.0,134.0,148.0,420.0,420.0,4.644390888741372,573.6232205260519,552.7358145715251,529.4871187485771,1816.9037396283768,5.0908608522122405,-0.7538027077593212,4.6443908991413725,4.549313873785776,4.0
279.004000,99.0,0.099,0.99,0.99,0.99,108.0,130.0,132.0,370.0,370.0,4.595119840234592,550.5731758142782,512.3332974235838,496.7298903985012,1731.9755745330242,5.012124569675657,-0.7372537026928105,4.6151205168412615,4.5237747398839465,4.0
28.004000,89.0,0.089,0.89,0.89,0.89,116.0,124.0,124.0,364.0,364.0,4.48863636083214,517.364764220599,464.0185141434941,442.79649691680555,1341.3098685523091,4.816256716189587,-0.37677253369509955,4.488636369732139,4.345825429229016,3.0
280.005000,102.0,0.102,1.02,1.02,1.02,114.0,116.0,134.0,364.0,364.0,4.624972803084271,561.093792864935,517.6300278837698,509.5310812120792,1804.8082462508578,5.081706489696258,-0.7620282142212673,4.6443908991413725,4.548746608489564,4.0
281.000000,104.0,0.104,1.04,1.04,1.04,146.0,148.0,140.0,434.0,434.0,4.644390888741372,606.898911485288,596.0894970975577,564.9346683402313,1821.71885593487,5.07655187425626,-0.7502011769684538,4.6443908991413725,4.51730711416296,4.0
282.001000,99.0,0.099,0.99,0.99,0.99,134.0,132.0,136.0,402.0,402.0,4.595119840234592,528.4968362027387,505.6043294340643,476.92913739349996,1690.0796477883744,5.0462369370267774,-0.7692252437442568,4.6151205168412615,4.563157802616619,4.0
283.002000,101.0,0.101,1.01,1.01,1.01,174.0,172.0,182.0,528.0,528.0,4.615120506741261,607.6040930712612,542.8740562028771,529.0069992407127,1680.7936509295341,5.040726409775887,-0.7551596130586633,4.6151205168412615,4.567635270036469,4.0
284.003000,101.0,0.101,1.01,1.01,1.01,176.0,172.0,170.0,518.0,518.0,4.615120506741261,588.3776953653148,557.260793041,517.4506205045762,1728.9447321256764,5.038089886031452,-0.7541113217605275,4.6151205168412615,4.557840639892352,4.0
285.004000,102.0,0.102,1.02,1.02,1.02,170.0,172.0,162.0,504.0,504.0,4.624972803084271,581.3039643973998,563.0685633459556,544.4313938252722,1730.2082276010915,5.035292704241207,-0.7439775828306741,4.6249728132842725,4.527738088181022,4.0
286.005000,100.0,0.1,1.0,1.0,1.0,136.0,134.0,136.0,406.0,406.0,4.605170175988092,547.9180812612753,532.2133810008348,460.78853773789007,1651.484916452171,5.021437748234276,-0.7594097518558178,4.605170185988092,4.542229085701655,4.0
287.000000,86.0,0.086,0.86,0.86,0.86,118.0,124.0,128.0,370.0,370.0,4.454347287653507,482.50899467935045,445.1294978499722,424.8963911916076,1266.6485313945748,4.760977359565591,-0.4933536463240209,4.4543472962535064,4.400715667464976,3.0
288.001000,84.0,0.084,0.84,0.84,0.84,118.0,112.0,118.0,348.0,348.0,4.430816790443312,425.6544281276264,397.7385510470422,371.321306539617,1224.915669427569,4.72227458059982,-0.4118419906511548,4.4308167988433125,4.238824057460166,3.0
289.002000,86.0,0.086,0.86,0.86,0.86,110.0,114.0,120.0,344.0,344.0,4.454347287653507,460.2979091812738,417.4951677174554,406.90459751987544,1277.1670793424435,4.753792473741057,-0.540663073069183,4.4543472962535064,4.3575407741864485,3.0
29.005000,88.0,0.088,0.88,0.88,0.88,126.0,136.0,128.0,390.0,390.0,4.477336805678206,504.2206758481504,438.39497321103903,421.24798730444684,1303.2297877807368,4.79312078783122,-0.4750150153496451,4.477336814478207,4.36985116698951,3.0
290.003000,89.0,0.089,0.89,0.89,0.89,114.0,114.0,122.0,350.0,350.0,4.48863636083214,480.43635354735846,421.08745458960925,395.82450646977384,1325.1335850636817,4.804260679170499,-0.38554179357538976,4.488636369732139,4.355007241944732,3.0
291.004000,89.0,0.089,0.89,0.89,0.89,110.0,108.0,116.0,334.0,334.0,4.48863636083214,471.9652378949659,411.6189488526663,388.685476173716,1305.2232342975024,4.8083685921295976,-0.511356718499826,4.488636369732139,4.354952709108013,3.0
292.005000,87.0,0.087,0.87,0.87,0.87,112.0,114.0,108.0,334.0,334.0,4.465908109954582,467.84705588300704,404.0298667631371,378.46790494006245,1291.1544862143808,4.792699585788349,-0.4053655399168563,4.477336814478207,4.3600149937614,3.0
293.000000,102.0,0.102,1.02,1.02,1.02,98.0,96.0,110.0,304.0,304.0,4.624972803084271,495.0946476413799,427.9257816530503,422.97957070557004,2283.8020749697025,5.358529207981496,-0.5937547463288109,4.779123493111529,4.727891003684856,5.0
294.001000,102.0,0.102,1.02,1.02,1.02,98.0,104.0,110.0,312.0,312.0,4.624972803084271,479.9252761310681,442.0744056666134,422.78463192780873,2180.530353257546,5.315639618766061,-0.5199115802146679,4.762173934797756,4.739324792256047,5.0
295.002000,110.0,0.11,1.1,1.1,1.1,92.0,96.0,114.0,302.0,302.0,4.700480354792415,551.257546169635,499.22287079224986,484.88321940175155,2274.6373227738604,5.3616859157025,-0.5199279405086576,4.779123493111529,4.749604484640179,5.0
296.003000,108.0,0.108,1.08,1.08,1.08,118.0,118.0,132.0,368.0,368.0,4.68213121632422,548.4820020109437,482.7215432873321,469.5927509980204,2221.303258473373,5.327763466225706,-0.4808445790792266,4.770684624465663,4.742554930420521,5.0
297.004000,103.0,0.103,1.03,1.03,1.03,104.0,98.0,108.0,310.0,310.0,4.634728977929635,529.3430788309173,442.4570239738352,423.77271272922826,2081.5243571157703,5.280998356072116,-0.565998625427806,4.744932128363249,4.752385188364217,5.0
298.005000,104.0,0.104,1.04,1.04,1.04,110.0,110.0,130.0,350.0,350.0,4.644390888741372,549.5612406750587,459.58041453814826,445.68526786371615,2088.9424498243334,5.286886708729695,-0.5120024160619083,4.744932128363249,4.761795581892608,5.0
299.000000,102.0,0.102,1.02,1.02,1.02,134.0,130.0,136.0,400.0,400.0,4.624972803084271,528.2731269761777,516.0211947961604,512.5880311688386,1811.2125734117233,5.059729191455455,-0.752795877144707,4.634728988229636,4.518393374914579,4.0
3.6_vac,125.0,0.125,1.25,1.25,1.25,134.0,142.0,140.0,416.0,416.0,4.828313724802301,647.1089884807366,625.8582794971044,622.1047320221593,2844.4954545403893,5.550461474113597,-0.6571442913641925,4.890349128221754,5.062791971028861,6.0
30.000000,101.0,0.101,1.01,1.01,1.01,126.0,92.0,112.0,330.0,330.0,4.615120506741261,511.4245541853029,504.18358490261113,463.48096982297716,1847.5661367491664,5.076051213367226,-0.7492429822970923,4.6443908991413725,4.51730711416296,4.0
300.001000,100.0,0.1,1.0,1.0,1.0,128.0,132.0,138.0,398.0,398.0,4.605170175988092,537.7365182074592,518.2828794503492,489.8006023421916,1765.8188416498313,5.059008721585366,-0.7386612870843479,4.6249728132842725,4.553168533184349,4.0
301.002000,104.0,0.104,1.04,1.04,1.04,122.0,116.0,132.0,370.0,370.0,4.644390888741372,564.1005662082248,531.1088991733942,500.46361154145774,1857.4534614274085,5.105046518688035,-0.7396457895295492,4.653960350157524,4.618106172882765,4.0
302.003000,103.0,0.103,1.03,1.03,1.03,138.0,136.0,148.0,422.0,422.0,4.634728977929635,593.7742222440403,519.2076052071836,489.11525992741656,1712.4142271059334,5.067484003005653,-0.6971543379370733,4.634728988229636,4.5472379468657875,4.0
303.004000,104.0,0.104,1.04,1.04,1.04,176.0,178.0,172.0,526.0,526.0,4.644390888741372,608.9434096172672,569.2062969547167,541.3695241972474,1763.681332353161,5.063625456710745,-0.7143809624547708,4.6443908991413725,4.514692770648195,4.0
304.005000,103.0,0.103,1.03,1.03,1.03,120.0,120.0,134.0,374.0,374.0,4.634728977929635,540.1850731010372,511.26756519240325,470.993963648307,1808.5436792434157,5.079225096638438,-0.7349313669892448,4.6443908991413725,4.524489601068281,4.0
305.000000,97.0,0.097,0.97,0.97,0.97,84.0,88.0,92.0,264.0,264.0,4.574710968803382,442.51922721323376,434.01427235376764,356.4149540412459,1785.8920931851862,5.174892858697571,-0.5299311353753713,4.682131227124218,4.68430799978251,4.0
306.001000,95.0,0.095,0.95,0.95,0.95,102.0,104.0,102.0,308.0,308.0,4.553876882100542,425.54265294163696,417.57971164680794,347.1934248852394,1572.91116713001,5.0762381667777134,-0.39119256813214953,4.6249728132842725,4.56241280848396,4.0
307.002000,95.0,0.095,0.95,0.95,0.95,78.0,92.0,94.0,264.0,264.0,4.553876882100542,408.3844960066478,391.00927295801193,350.71149419323507,1728.2622558093062,5.094071628174798,-0.41329964183513734,4.6443908991413725,4.564221157146726,4.0
308.003000,94.0,0.094,0.94,0.94,0.94,96.0,98.0,102.0,296.0,296.0,4.543294772870005,424.5457462381768,408.6527489192323,330.82278143833537,1563.0881691813718,5.067648423165054,-0.40715362530293797,4.6249728132842725,4.537982150683008,4.0
309.004000,95.0,0.095,0.95,0.95,0.95,86.0,100.0,102.0,288.0,288.0,4.553876882100542,439.5287765305257,400.6007083933902,342.0178834971365,1623.6405267349119,5.106758236623523,-0.45869129756609617,4.634728988229636,4.5670387264965395,4.0
31.001000,97.0,0.097,0.97,0.97,0.97,148.0,122.0,124.0,394.0,394.0,4.574710968803382,517.0584436129199,509.1022510879337,439.2826042682184,1598.2001477233546,4.981807249005612,-0.782543675293665,4.574710978503383,4.487066928016268,4.0
310.005000,95.0,0.095,0.95,0.95,0.95,84.0,98.0,98.0,280.0,280.0,4.553876882100542,436.1649813985217,399.2126014025203,340.03294351474756,1645.0738265253665,5.1066775249963445,-0.4231815561825223,4.6443908991413725,4.552266713940407,4.0
311.000000,84.0,0.084,0.84,0.84,0.84,112.0,108.0,124.0,344.0,344.0,4.430816790443312,453.93146381141304,443.7561753188757,415.4075989649497,1223.1881729872703,4.720514458825106,-0.5060961755647715,4.4308167988433125,4.225916211185093,3.0
312.001000,87.0,0.087,0.87,0.87,0.87,112.0,102.0,110.0,324.0,324.0,4.465908109954582,468.0829107210665,427.1173728963414,391.0066129343165,1289.470785924215,4.78485590147819,-0.4874430031106076,4.465908118654583,4.3887056354025376,3.0
313.002000,85.0,0.085,0.85,0.85,0.85,108.0,104.0,110.0,322.0,322.0,4.442651247990316,443.8303623501642,418.24995855433707,392.2726202719691,1217.6970102533899,4.734138302109992,-0.41488078919697724,4.442651256490314,4.359950768549887,3.0
314.003000,85.0,0.085,0.85,0.85,0.85,114.0,112.0,118.0,344.0,344.0,4.442651247990316,454.44666218239877,419.0897569529918,401.24005145284457,1254.6144261288312,4.717906143145571,-0.3632077479197733,4.442651256490314,4.367768127305518,3.0
315.004000,85.0,0.085,0.85,0.85,0.85,98.0,118.0,104.0,320.0,320.0,4.442651247990316,439.74928312676826,393.78678904959963,360.67569252951444,1257.0330394839675,4.759944588007266,-0.46756365605942296,4.4543472962535064,4.370464372715226,3.0
316.005000,85.0,0.085,0.85,0.85,0.85,114.0,108.0,112.0,334.0,334.0,4.442651247990316,445.9874853907895,422.4683297113247,386.6971260743564,1226.6438885945313,4.731591529660143,-0.48061680324156164,4.442651256490314,4.378177694725184,3.0
317.000000,87.0,0.087,0.87,0.87,0.87,96.0,116.0,118.0,330.0,330.0,4.465908109954582,468.4859841045001,415.15861595951594,399.8036757980534,1276.6576417231427,4.780544880214457,-0.4906647918555409,4.465908118654583,4.398422423201547,3.0
318.001000,86.0,0.086,0.86,0.86,0.86,124.0,122.0,114.0,360.0,360.0,4.454347287653507,460.0667312434375,422.7499532204379,385.8577341407757,1250.0569254474253,4.761708303351721,-0.4318971062583339,4.4543472962535064,4.385662377986993,3.0
319.002000,83.0,0.083,0.83,0.83,0.83,108.0,100.0,112.0,320.0,320.0,4.418840599496599,428.36958775306164,396.78914627458175,369.4436756109107,1221.9433025293777,4.711875567072475,-0.46035191136019016,4.4308167988433125,4.236517530722412,3.0
32.002000,100.0,0.1,1.0,1.0,1.0,140.0,126.0,136.0,402.0,402.0,4.605170175988092,557.3711613788813,538.9049747602527,525.5438638608659,1710.8944147220434,5.0108305763614736,-0.7226097266290417,4.605170185988092,4.543704450650832,4.0
320.003000,87.0,0.087,0.87,0.87,0.87,124.0,110.0,114.0,348.0,348.0,4.465908109954582,478.56181434964503,429.133955477497,406.64905775906504,1310.7921525464558,4.811827636902574,-0.43847096530152907,4.477336814478207,4.377552406859021,3.0
321.004000,87.0,0.087,0.87,0.87,0.87,124.0,120.0,98.0,342.0,342.0,4.465908109954582,468.8601639092502,416.2776997047976,389.29891799514775,1248.5487348008824,4.7693594351343105,-0.5419153221115609,4.465908118654583,4.3587988563127995,3.0
322.005000,83.0,0.083,0.83,0.83,0.83,120.0,110.0,124.0,354.0,354.0,4.418840599496599,449.75589233704426,407.0448079376359,395.4884563518258,1201.4565855664441,4.688736126672511,-0.452909244859498,4.4188406077966,4.236515422988793,3.0
323.000000,88.0,0.088,0.88,0.88,0.88,118.0,92.0,112.0,322.0,322.0,4.477336805678206,495.02609014813135,459.47682868420196,404.38344480403043,1303.098479390713,4.80933640870378,-0.4762278004296898,4.477336814478207,4.396181298125923,3.0
324.001000,85.0,0.085,0.85,0.85,0.85,114.0,112.0,116.0,342.0,342.0,4.442651247990316,467.29031358442035,430.31043702352844,421.5521905685221,1259.4353084472416,4.737405315306445,-0.42613541304103464,4.442651256490314,4.389573185150696,3.0
325.002000,85.0,0.085,0.85,0.85,0.85,118.0,104.0,112.0,334.0,334.0,4.442651247990316,457.1251442873292,439.8341389643761,402.1936579247649,1230.6628757085607,4.748998406263599,-0.3956311939353574,4.442651256490314,4.386958541081429,3.0
326.003000,85.0,0.085,0.85,0.85,0.85,108.0,118.0,136.0,362.0,362.0,4.442651247990316,477.55783389850086,447.1180979786732,438.1005387110612,1251.7622572459081,4.7456476666051755,-0.45419999461359106,4.442651256490314,4.376505629023036,3.0
327.004000,88.0,0.088,0.88,0.88,0.88,110.0,116.0,114.0,340.0,340.0,4.477336805678206,460.8144471166374,415.1765607140046,383.8044467148126,1317.8812506815752,4.798308067605792,-0.5462766056075243,4.477336814478207,4.357137665181218,3.0
328.005000,84.0,0.084,0.84,0.84,0.84,106.0,110.0,128.0,344.0,344.0,4.430816790443312,454.74195633956685,439.0150138458253,427.26683933841736,1226.3000607127622,4.704894228474499,-0.4815359647733697,4.4308167988433125,4.233034528921874,3.0
329.000000,109.0,0.109,1.09,1.09,1.09,102.0,108.0,112.0,322.0,322.0,4.691347871329143,553.0235347427641,494.1964426988066,458.50479320063084,2324.053742796118,5.382522912572962,-0.5956967167738667,4.7957905455967405,4.783387053483082,5.0
33.003000,99.0,0.099,0.99,0.99,0.99,118.0,132.0,134.0,384.0,384.0,4.595119840234592,513.282970614474,503.58070174247433,487.3787518854761,1803.068719856996,5.057663061284393,-0.7409045648690995,4.6249728132842725,4.563928585293724,4.0
330.001000,113.0,0.113,1.13,1.13,1.13,122.0,116.0,148.0,386.0,386.0,4.727387807412342,681.6283376161786,606.3856561363983,588.4815814686617,2097.844416328089,5.287596577557099,-0.4810357693197975,4.736198448394495,4.7052779760707235,5.0
331.002000,106.0,0.106,1.06,1.06,1.06,82.0,92.0,108.0,282.0,282.0,4.663439083512067,552.979399930603,444.32089315296633,436.37895219944943,2166.100687655065,5.346624610750871,-0.5578043476596037,4.762173934797756,4.756136087783795,5.0
332.003000,103.0,0.103,1.03,1.03,1.03,94.0,92.0,100.0,286.0,286.0,4.634728977929635,484.52551758832544,438.5130125717124,398.59253780112715,2083.314603295474,5.312660049352496,-0.5103750999421108,4.753590191106363,4.772098757842082,5.0
333.004000,102.0,0.102,1.02,1.02,1.02,92.0,92.0,108.0,292.0,292.0,4.624972803084271,470.9758546536521,432.11401533376585,416.2434633459153,2162.463587229262,5.275448294202559,-0.42263572934744253,4.753590191106363,4.744521596349109,5.0
334.005000,110.0,0.11,1.1,1.1,1.1,120.0,120.0,128.0,368.0,368.0,4.700480354792415,551.4389810197312,514.7351442340656,466.2804202007482,2215.9034260236704,5.367293865578302,-0.5999176565365438,4.787491742782048,4.822043504492427,5.0
335.000000,101.0,0.101,1.01,1.01,1.01,126.0,112.0,130.0,368.0,368.0,4.615120506741261,506.93499552293116,484.2815413199385,459.7933641472293,1795.1440187488483,5.060736403244001,-0.7535306664307817,4.634728988229636,4.518393374914579,4.0
336.001000,104.0,0.104,1.04,1.04,1.04,136.0,134.0,134.0,404.0,404.0,4.644390888741372,533.9726141249769,528.0857096778564,505.8262915817823,1845.7792809452067,5.091904518009006,-0.7613315456149352,4.6443908991413725,4.549123275588202,4.0
337.002000,101.0,0.101,1.01,1.01,1.01,126.0,124.0,122.0,372.0,372.0,4.615120506741261,510.90474670777496,479.87072712277217,476.1948231991555,1745.552013964697,5.06284946086465,-0.7054091544154812,4.6249728132842725,4.575701166982361,4.0
338.003000,100.0,0.1,1.0,1.0,1.0,122.0,118.0,142.0,382.0,382.0,4.605170175988092,554.8279835508162,535.7687655797489,510.40325086943494,1769.954626925171,5.057406911616966,-0.7427742516282421,4.6249728132842725,4.567040525551372,4.0
339.004000,100.0,0.1,1.0,1.0,1.0,118.0,138.0,136.0,392.0,392.0,4.605170175988092,522.3931858689729,507.81847120251507,475.6083429285119,1767.7805770586767,5.043183775122094,-0.7436913165216241,4.6249728132842725,4.542042055417038,4.0
34.004000,103.0,0.103,1.03,1.03,1.03,156.0,134.0,134.0,424.0,424.0,4.634728977929635,595.983467681848,569.8432293682952,495.95971071684755,1732.817957923135,5.058372407883735,-0.7779880975811109,4.634728988229636,4.52699813235355,4.0
340.005000,103.0,0.103,1.03,1.03,1.03,146.0,134.0,140.0,420.0,420.0,4.634728977929635,590.7974927247851,566.2437833766946,552.9781413742484,1791.2712025714734,5.056216531663264,-0.7306521233665797,4.634728988229636,4.52815255235649,4.0
341.000000,85.0,0.085,0.85,0.85,0.85,106.0,118.0,114.0,338.0,338.0,4.442651247990316,446.84843605497855,404.70308938903935,370.9425922030405,1257.1593352122452,4.761214633759585,-0.4885157207443074,4.4543472962535064,4.400715667464976,3.0
342.001000,86.0,0.086,0.86,0.86,0.86,110.0,106.0,130.0,346.0,346.0,4.454347287653507,458.20656318988677,450.9984512512891,427.3531250937075,1283.6658979620213,4.749527490421276,-0.5187675666381222,4.4543472962535064,4.376977397620748,3.0
343.002000,84.0,0.084,0.84,0.84,0.84,102.0,112.0,118.0,332.0,332.0,4.430816790443312,458.31323326309814,427.5832375685247,409.1987672636148,1232.3371548963905,4.755165706202547,-0.41122088614822916,4.442651256490314,4.383065199092378,3.0
344.003000,86.0,0.086,0.86,0.86,0.86,110.0,108.0,120.0,338.0,338.0,4.454347287653507,470.24952455872995,465.66368617275106,444.2960915941006,1296.0377510465494,4.76358092262091,-0.4989328287906498,4.4543472962535064,4.389479135764796,3.0
345.004000,84.0,0.084,0.84,0.84,0.84,106.0,112.0,106.0,324.0,324.0,4.430816790443312,408.26183192347514,366.1123331757157,331.5544063293807,1230.6848533013767,4.730962784012349,-0.49904055541645587,4.4543472962535064,4.352738638556314,3.0
346.005000,87.0,0.087,0.87,0.87,0.87,114.0,106.0,116.0,336.0,336.0,4.465908109954582,471.48219447867956,425.1599376316606,393.61074145287813,1280.41113679805,4.8020157140233914,-0.5616717201799974,4.477336814478207,4.371907989772888,3.0
347.000000,96.0,0.096,0.96,0.96,0.96,88.0,104.0,104.0,296.0,296.0,4.564348181867836,441.24033597790947,422.6918078952753,343.83868946014866,1698.867279431816,5.1463074740059405,-0.5057072392967559,4.663439094112068,4.679948170885751,4.0
348.001000,93.0,0.093,0.93,0.93,0.93,86.0,94.0,90.0,270.0,270.0,4.5325994838532555,423.045742471785,401.7481373879299,330.30289433383297,1615.2596618609164,5.09309157173795,-0.4155686639051406,4.634728988229636,4.556415690996852,4.0
349.002000,90.0,0.09,0.9,0.9,0.9,86.0,84.0,76.0,246.0,246.0,4.499809661330265,383.70731575296855,366.1177351869928,304.79717128226105,1506.6058148335273,5.0042989029211435,-0.296921398427366,4.5951198501345925,4.488548204743933,4.0
35.005000,103.0,0.103,1.03,1.03,1.03,144.0,150.0,142.0,436.0,436.0,4.634728977929635,586.4356527485664,527.0414128186187,512.1928373454365,1754.1879357348516,5.060618123195807,-0.7409679737772308,4.634728988229636,4.534564182228228,4.0
350.003000,94.0,0.094,0.94,0.94,0.94,98.0,102.0,108.0,308.0,308.0,4.543294772870005,414.5813195873217,390.32941731725316,342.53607160606344,1678.2454119248976,5.089746422549546,-0.3841630848710529,4.6443908991413725,4.54408827471921,4.0
351.004000,97.0,0.097,0.97,0.97,0.97,96.0,96.0,96.0,288.0,288.0,4.574710968803382,425.15463228861165,410.38960000946855,365.6516439905798,1671.3939450761834,5.042188987563285,-0.44267725506378675,4.6249728132842725,4.560886915816797,4.0
352.005000,94.0,0.094,0.94,0.94,0.94,120.0,120.0,122.0,362.0,362.0,4.543294772870005,441.0823213575479,430.64811194402813,400.8865879750195,1585.6647670183306,4.995522109696844,-0.39099032090813113,4.5951198501345925,4.505309718180139,4.0
353.000000,92.0,0.092,0.92,0.92,0.92,90.0,106.0,106.0,302.0,302.0,4.521788567849041,429.8965238228528,386.1775422765035,360.09984694412196,1651.86796961889,5.0889843531585015,-0.4705561472289306,4.634728988229636,4.54933289278595,4.0
354.001000,94.0,0.094,0.94,0.94,0.94,102.0,106.0,112.0,320.0,320.0,4.543294772870005,447.36705418011775,401.54823206129953,371.44641588624256,1702.104270142954,5.109451647135544,-0.40236556540992385,4.6443908991413725,4.549750021038035,4.0
355.002000,96.0,0.096,0.96,0.96,0.96,120.0,116.0,122.0,358.0,358.0,4.564348181867836,468.14152932325453,454.9411782689161,426.9797924078297,1561.8904728306973,5.0092629723276065,-0.4361342396134904,4.5951198501345925,4.50353129518635,4.0
356.003000,92.0,0.092,0.92,0.92,0.92,84.0,92.0,102.0,278.0,278.0,4.521788567849041,402.0167430610673,390.30442408573447,317.2875285053722,1488.635717975613,5.02746625060674,-0.32343715285457586,4.5951198501345925,4.478188501503898,4.0
357.004000,93.0,0.093,0.93,0.93,0.93,88.0,102.0,98.0,288.0,288.0,4.5325994838532555,415.92124644545464,400.83644222487766,326.0810210070875,1558.2919817713582,5.083602272251663,-0.3760745127799505,4.6249728132842725,4.552677038933766,4.0
358.005000,94.0,0.094,0.94,0.94,0.94,94.0,102.0,108.0,304.0,304.0,4.543294772870005,429.1987328109833,396.9160829248853,358.6085885194505,1550.9944048629693,5.034246477919726,-0.3056145789744078,4.6151205168412615,4.544934619252968,4.0
359.000000,102.0,0.102,1.02,1.02,1.02,136.0,142.0,144.0,422.0,422.0,4.624972803084271,570.9824137886066,543.6368944615954,538.2630446909749,1839.2717924123438,5.077176639132419,-0.7505412863066874,4.6443908991413725,4.528645191962106,4.0
36.000000,47.0,0.047,0.47,0.47,0.47,94.0,94.0,94.0,282.0,282.0,3.8501475970100585,345.4364697557802,331.4496938658926,300.39043212300845,458.483195877702,3.8276316362949867,-1.0830068245661981,3.850147601710058,3.2202556414785426,1.0
360.001000,102.0,0.102,1.02,1.02,1.02,140.0,128.0,132.0,400.0,400.0,4.624972803084271,566.4794789011494,537.1964165459577,497.12802612152075,1854.018923111316,5.085328531420786,-0.7344861102740787,4.6443908991413725,4.546634816974359,4.0
361.002000,101.0,0.101,1.01,1.01,1.01,134.0,136.0,124.0,394.0,394.0,4.615120506741261,555.8896539005736,553.0025632165549,530.5533274373269,1751.6218971402611,5.041778529238213,-0.7376223874903474,4.6151205168412615,4.545727935920323,4.0
362.003000,99.0,0.099,0.99,0.99,0.99,132.0,126.0,130.0,388.0,388.0,4.595119840234592,513.5393710675323,501.42666767212074,473.4380016643868,1727.112359261875,5.028213580862635,-0.7271027903873883,4.6151205168412615,4.531672724936654,4.0
363.004000,99.0,0.099,0.99,0.99,0.99,128.0,134.0,134.0,396.0,396.0,4.595119840234592,515.5450174545714,495.0829160840665,493.45287454217015,1707.8823520754586,5.008467089803832,-0.7641508542940798,4.605170185988092,4.527990342757713,4.0
364.005000,98.0,0.098,0.98,0.98,0.98,118.0,122.0,130.0,370.0,370.0,4.584967468870572,489.0142354081148,477.26152465967505,440.54056646282265,1638.3524704319602,5.021613463211244,-0.7476684972658347,4.605170185988092,4.563831183559115,4.0
365.000000,102.0,0.102,1.02,1.02,1.02,136.0,120.0,138.0,394.0,394.0,4.624972803084271,569.3836990015915,552.8445644038198,546.556050320079,1778.7305053333348,5.043756766508401,-0.7577716662187011,4.6249728132842725,4.507940541846513,4.0
366.001000,102.0,0.102,1.02,1.02,1.02,142.0,146.0,144.0,432.0,432.0,4.624972803084271,586.0559714909363,557.5053519125578,497.1641667925842,1733.2505909011134,5.059292202817852,-0.7426126316467156,4.6249728132842725,4.5624623578328345,4.0
367.002000,102.0,0.102,1.02,1.02,1.02,134.0,132.0,140.0,406.0,406.0,4.624972803084271,571.9561429369639,537.9821966955957,522.9636211517538,1788.7676749591171,5.063295932012946,-0.7407299289212492,4.634728988229636,4.551163382893741,4.0
368.003000,101.0,0.101,1.01,1.01,1.01,150.0,144.0,158.0,452.0,452.0,4.615120506741261,591.4792210943738,551.3711587241056,496.1595211716202,1691.8528737942058,5.030091189050768,-0.6995224614075783,4.6151205168412615,4.543158464196827,4.0
369.004000,101.0,0.101,1.01,1.01,1.01,138.0,140.0,138.0,416.0,416.0,4.615120506741261,594.5217808194851,586.3338584063829,554.2730736454193,1746.172464422029,5.030032814635098,-0.7540155465272158,4.6151205168412615,4.543956344012897,4.0
37.001000,47.0,0.047,0.47,0.47,0.47,90.0,88.0,82.0,260.0,260.0,3.8501475970100585,304.31725229070076,256.1197729677771,252.83957048620283,469.71627418851523,3.827877304730527,-1.0023445065485153,3.850147601710058,3.254265893806214,1.0
370.005000,98.0,0.098,0.98,0.98,0.98,196.0,196.0,196.0,588.0,588.0,4.584967468870572,587.2809270439142,542.672814188848,516.9442179509113,1613.4034386085136,5.008157265273408,-0.7762055368250453,4.5849674786705705,4.515506055743484,4.0
371.000000,109.0,0.109,1.09,1.09,1.09,102.0,102.0,112.0,316.0,316.0,4.691347871329143,550.5524452630187,491.5321100917432,490.9796648287243,2403.4198677073173,5.4242562376014725,-0.6238977633313958,4.812184355372416,4.7557508847961545,5.0
372.001000,109.0,0.109,1.09,1.09,1.09,104.0,114.0,116.0,334.0,334.0,4.691347871329143,514.6931569523185,484.79799043687905,451.84830215208706,2197.266386850003,5.318855485515088,-0.5022526203918241,4.770684624465663,4.747958709921173,5.0
373.002000,104.0,0.104,1.04,1.04,1.04,108.0,110.0,122.0,340.0,340.0,4.644390888741372,511.57143220705933,458.2013188668648,445.5349412337679,2213.696996565502,5.322622809272317,-0.508168965676973,4.762173934797756,4.752319687021664,5.0
374.003000,107.0,0.107,1.07,1.07,1.07,106.0,106.0,128.0,340.0,340.0,4.672828823761908,567.7814692389032,471.26515232124956,425.17767750526804,2086.6751918866867,5.305983765324098,-0.5371657866119812,4.753590191106363,4.754098968923356,5.0
375.004000,107.0,0.107,1.07,1.07,1.07,100.0,104.0,118.0,322.0,322.0,4.672828823761908,522.5892565707461,475.4443815756357,440.732716993805,2140.356328428787,5.335133234017636,-0.4788055077972513,4.770684624465663,4.739355508013414,5.0
376.005000,101.0,0.101,1.01,1.01,1.01,98.0,100.0,102.0,300.0,300.0,4.615120506741261,510.6319817407093,421.5610321113976,401.628768326111,1972.177250418499,5.219878717484126,-0.5165706674633368,4.718498871295096,4.670976985768734,5.0
377.000000,50.0,0.05,0.5,0.5,0.5,100.0,100.0,100.0,300.0,300.0,3.9120230004281464,507.3159291860264,504.65538402293026,452.908686791043,499.0009600000005,3.8988241098069407,-1.004380357110627,3.9120230054281455,3.4107280979970294,1.0
378.001000,50.0,0.05,0.5,0.5,0.5,100.0,100.0,100.0,300.0,300.0,3.9120230004281464,502.38593916964373,484.8817684315951,443.61229239876087,500.9259758194825,3.907719341562024,-0.9901331030891396,3.9120230054281455,3.4440755947133503,1.0
379.002000,47.0,0.047,0.47,0.47,0.47,88.0,94.0,88.0,270.0,270.0,3.8501475970100585,308.0193365455412,294.8895750249614,271.30385438694407,458.1507850307751,3.837199267480146,-1.0403137320444056,3.850147601710058,3.24236491236728,1.0
38.002000,45.0,0.045,0.45,0.45,0.45,82.0,82.0,84.0,248.0,248.0,3.8066624852703197,265.21366211612474,257.35356119915957,236.36611001804914,436.1242269412893,3.7806033972261894,-1.1213535407876305,3.8066624897703196,3.2164736391295294,1.0
380.003000,47.0,0.047,0.47,0.47,0.47,94.0,94.0,94.0,282.0,282.0,3.8501475970100585,357.67675506991225,336.2965402356787,316.2394706518557,457.83720962705814,3.8172511852417954,-1.0738171509460406,3.850147601710058,3.2325150503250017,1.0
381.004000,47.0,0.047,0.47,0.47,0.47,94.0,94.0,94.0,282.0,282.0,3.8501475970100585,369.9837683236032,339.0448900135734,317.43942676920597,454.73046852547975,3.834444455847837,-1.0608407963603537,3.850147601710058,3.2601647093504047,1.0
382.005000,46.0,0.046,0.46,0.46,0.46,78.0,80.0,88.0,246.0,246.0,3.8286413918890942,234.82643579488868,224.52792955445761,221.60215638978428,442.4697740314047,3.7912245058391045,-1.0771742594391065,3.8286413964890946,3.2168778093049606,1.0
383.000000,122.0,0.122,1.22,1.22,1.22,88.0,98.0,104.0,290.0,290.0,4.8040210325332575,633.9691020156689,552.9199675251645,519.4551927542489,2811.925850279672,5.643457298851623,-0.6549066638706109,4.9126548857360515,5.0638141570764725,7.0
384.001000,132.0,0.132,1.32,1.32,1.32,104.0,104.0,116.0,324.0,324.0,4.88280190938637,706.4765077457702,649.6085641607984,597.778564457068,2851.6431392868076,5.660941701054088,-0.586924157279106,4.934473933130693,5.051710458060769,7.0
385.002000,136.0,0.136,1.36,1.36,1.36,130.0,128.0,134.0,392.0,392.0,4.912654872136052,791.0060711746414,713.8249812224951,675.0954181910989,2877.591153332359,5.64516679126552,-0.6171818016336887,4.927253685157205,5.047735247484005,7.0
386.003000,124.0,0.124,1.24,1.24,1.24,104.0,116.0,114.0,334.0,334.0,4.820281553205036,672.1917349619737,578.7514074575046,558.9600833869735,2730.3097674043574,5.572842686431399,-0.624277776146072,4.890349128221754,4.987477070691655,7.0
387.004000,126.0,0.126,1.26,1.26,1.26,112.0,106.0,114.0,332.0,332.0,4.83628189435148,662.9080515952043,571.2093382262441,550.2794355753772,2805.8802158608223,5.622936495428572,-0.6122487708495137,4.9126548857360515,5.052700735985771,7.0
388.005000,123.0,0.123,1.23,1.23,1.23,98.0,102.0,110.0,310.0,310.0,4.812184343072419,663.8089767362084,555.1997625866727,528.893699701509,2828.05160767487,5.653438654433753,-0.6510385353518262,4.919980925828126,5.049078587778458,7.0
389.000000,119.0,0.119,1.19,1.19,1.19,112.0,98.0,104.0,314.0,314.0,4.779123481211528,609.6233422247128,566.6910680308147,521.7360099125399,2685.590028238514,5.528514953304412,-0.6464832165177055,4.882801922586371,4.958661511700037,6.0
39.003000,47.0,0.047,0.47,0.47,0.47,94.0,94.0,94.0,282.0,282.0,3.8501475970100585,332.21207748438457,313.151925680015,297.01897555900496,458.6672766318921,3.816963281766414,-1.0564667122143576,3.850147601710058,3.250506836158512,1.0
390.001000,118.0,0.118,1.18,1.18,1.18,114.0,108.0,112.0,334.0,334.0,4.770684612665663,611.098701211154,560.8157721338466,465.0855266549993,2309.2321511284977,5.464134365876806,-0.6304607019601547,4.8283137373023015,4.943215155142434,6.0
391.002000,117.0,0.117,1.17,1.17,1.17,96.0,98.0,110.0,304.0,304.0,4.762173923097755,623.0020648890375,562.9421288833175,509.50879768063646,2497.703933519647,5.511706174961839,-0.6862174389732711,4.859812404361671,4.903767009215452,6.0
392.003000,116.0,0.116,1.16,1.16,1.16,104.0,100.0,106.0,310.0,310.0,4.753590179506363,604.1058757287423,546.0804643083327,503.7791772043042,2518.3560657191433,5.485066358918594,-0.6167646423056081,4.852030263919617,4.900528844508974,6.0
393.004000,118.0,0.118,1.18,1.18,1.18,106.0,100.0,110.0,316.0,316.0,4.770684612665663,632.8509111058063,547.8404937546478,483.61367988530907,2475.3684554736183,5.4928322246311865,-0.6391226019101457,4.859812404361671,4.908788427234626,6.0
394.005000,117.0,0.117,1.17,1.17,1.17,90.0,108.0,102.0,300.0,300.0,4.762173923097755,610.4596556131803,520.9823516165262,507.2930355053361,2605.1019421102296,5.509206434067415,-0.6530992452218349,4.87519732320115,4.949193424509518,6.0
395.000000,131.0,0.131,1.31,1.31,1.31,122.0,120.0,124.0,366.0,366.0,4.875197310101152,729.6881114842387,650.097446064192,604.4587172607296,2999.3585895672963,5.683193222684395,-0.638485129845721,4.948759890378168,5.094366106122008,7.0
396.001000,131.0,0.131,1.31,1.31,1.31,116.0,114.0,128.0,358.0,358.0,4.875197310101152,711.3374195123904,629.1195331510942,602.9018259624698,3027.2705354318678,5.703728954370679,-0.6463474877514264,4.962844630259906,5.08814265865696,7.0
397.002000,125.0,0.125,1.25,1.25,1.25,90.0,98.0,96.0,284.0,284.0,4.828313724802301,623.494777747547,542.158467633399,517.3547546190537,2902.8977622360726,5.655114636916348,-0.6289908973390412,4.927253685157205,5.053912339934741,7.0
398.003000,124.0,0.124,1.24,1.24,1.24,102.0,104.0,104.0,310.0,310.0,4.820281553205036,642.2180942894894,557.6827148147892,537.6637070247544,2670.573397465937,5.5885147827652775,-0.6519376840786748,4.897839799950912,4.966912166028602,7.0
399.004000,128.0,0.128,1.28,1.28,1.28,114.0,110.0,128.0,352.0,352.0,4.852030251119617,728.896051926065,617.0744731064319,609.4825999675029,2840.519087724624,5.623372350543851,-0.6109964628110629,4.9126548857360515,5.046741372909971,7.0
4.7_vac,128.0,0.128,1.28,1.28,1.28,120.0,120.0,128.0,368.0,368.0,4.852030251119617,722.835888462482,625.0852922018465,603.1569443356719,2843.5276584590447,5.621321778896662,-0.6335695820527967,4.919980925828126,5.040606306469778,7.0
40.004000,48.0,0.048,0.48,0.48,0.48,84.0,96.0,88.0,268.0,268.0,3.8712010061078903,292.06640902129755,257.97193947411074,253.91998483792494,461.168481465821,3.8456977538287576,-1.005950648897768,3.871201010907891,3.254961127554015,1.0
400.005000,126.0,0.126,1.26,1.26,1.26,96.0,106.0,100.0,302.0,302.0,4.83628189435148,645.6330948781912,560.5208342689217,534.6397216465376,2750.0873710568044,5.6005010194353275,-0.6398766667715852,4.905274778438431,5.0613407101906684,7.0
401.000000,105.0,0.105,1.05,1.05,1.05,132.0,122.0,130.0,384.0,384.0,4.653960339657523,588.5241763398319,570.4238320237328,540.823420207864,1925.0374298867928,5.109163853685086,-0.7465468787874379,4.663439094112068,4.584194481566796,4.0
402.001000,102.0,0.102,1.02,1.02,1.02,128.0,122.0,116.0,366.0,366.0,4.624972803084271,537.497069283275,516.8157999733103,490.5106601551798,1765.3076116109357,5.046834165382875,-0.713187285382566,4.6249728132842725,4.5387065547274945,4.0
403.002000,100.0,0.1,1.0,1.0,1.0,128.0,136.0,128.0,392.0,392.0,4.605170175988092,533.3240719377527,508.4453426444233,487.6305854178238,1799.0784648837102,5.072929089922671,-0.7637804668466144,4.634728988229636,4.55697512354581,4.0
404.003000,102.0,0.102,1.02,1.02,1.02,116.0,114.0,140.0,370.0,370.0,4.624972803084271,571.8753561478256,541.3662003362429,507.50354155514685,1799.5022109792592,5.077852749733166,-0.7427832946349291,4.634728988229636,4.556432175450904,4.0
405.004000,101.0,0.101,1.01,1.01,1.01,130.0,144.0,152.0,426.0,426.0,4.615120506741261,563.1147782690131,529.8058339131172,502.4061204911372,1741.9734628698884,5.040794992700818,-0.7691074115622669,4.634728988229636,4.5221716350729695,4.0
406.005000,101.0,0.101,1.01,1.01,1.01,160.0,152.0,166.0,478.0,478.0,4.615120506741261,580.2706816191252,555.9492152927606,515.1464397217778,1718.877993454921,5.015549784733099,-0.728944229018059,4.6151205168412615,4.531010476933136,4.0
407.000000,138.0,0.138,1.38,1.38,1.38,138.0,158.0,126.0,422.0,422.0,4.927253671357204,863.0110227043087,835.5060940531974,720.9176658511892,2959.698064548088,5.696031351228175,-0.7356367259109411,4.948759890378168,5.154701152288703,7.0
408.001000,127.0,0.127,1.27,1.27,1.27,124.0,154.0,144.0,422.0,422.0,4.844187073758594,747.6079127767122,715.5849797385472,642.4763988233236,2621.5323362306326,5.549860240573642,-0.6655354213597953,4.87519732320115,5.0155587921535005,7.0
409.002000,138.0,0.138,1.38,1.38,1.38,128.0,132.0,136.0,396.0,396.0,4.927253671357204,812.701119985233,783.3823440874119,686.4382750577898,2941.0235537934823,5.705774287007611,-0.6906629663117054,4.948759890378168,5.14473052043945,7.0
41.005000,50.0,0.05,0.5,0.5,0.5,100.0,100.0,100.0,300.0,300.0,3.9120230004281464,442.84497146316454,417.63106163533274,390.4839669015025,498.9071133718301,3.897635577142677,-0.9885352738614452,3.9120230054281455,3.4261848869911957,1.0
410.003000,138.0,0.138,1.38,1.38,1.38,122.0,138.0,146.0,406.0,406.0,4.927253671357204,805.2633879904208,792.9642844176323,693.2940667223813,2905.270074386643,5.663271633677784,-0.676254469042775,4.934473933130693,5.080191120310007,7.0
411.004000,131.0,0.131,1.31,1.31,1.31,140.0,168.0,180.0,488.0,488.0,4.875197310101152,828.801492019239,777.7094184084291,715.8097002593545,2768.281415909654,5.6202646016868725,-0.6836701112659695,4.9126548857360515,5.072691003586564,7.0
412.005000,133.0,0.133,1.33,1.33,1.33,108.0,112.0,118.0,338.0,338.0,4.890349114921754,726.7141249672989,700.9008234402362,631.7835478330662,2886.907721843815,5.6528936015629085,-0.6569406620967162,4.934473933130693,5.0581589179851765,7.0
413.000000,112.0,0.112,1.12,1.12,1.12,96.0,90.0,104.0,290.0,290.0,4.718498860095095,571.9984563019815,515.401327355188,455.8323591999731,2487.0132159092627,5.522795344376768,-0.6186155350811005,4.859812404361671,4.895493950544442,6.0
414.001000,119.0,0.119,1.19,1.19,1.19,90.0,98.0,114.0,302.0,302.0,4.779123481211528,654.4222014102374,576.582023348728,535.3823298628831,2417.242693750482,5.463248905109598,-0.5989021442144478,4.8283137373023015,4.9391477863083395,6.0
415.002000,123.0,0.123,1.23,1.23,1.23,114.0,124.0,134.0,372.0,372.0,4.812184343072419,703.7046003157278,665.284491926392,579.4336719855227,2501.894552791238,5.528774431959651,-0.6550440262554402,4.859812404361671,4.910051736374289,6.0
416.003000,118.0,0.118,1.18,1.18,1.18,116.0,110.0,134.0,360.0,360.0,4.770684612665663,644.0355617541932,620.4583453744071,544.0484657527555,2309.8602014614576,5.435584440442836,-0.6012320220101532,4.812184355372416,4.855093111080741,6.0
417.004000,125.0,0.125,1.25,1.25,1.25,104.0,114.0,118.0,336.0,336.0,4.828313724802301,703.6990716237883,624.8720981735888,558.244830202623,2497.54602607091,5.524359882061901,-0.57055688936406,4.867534450455582,5.012694554896179,6.0
418.005000,122.0,0.122,1.22,1.22,1.22,92.0,116.0,122.0,330.0,330.0,4.8040210325332575,660.6813088158824,629.5083002299693,554.6136696426729,2315.6368037825864,5.4267422797243245,-0.5537154703255687,4.820281565605037,4.86359050176928,6.0
419.000000,131.0,0.131,1.31,1.31,1.31,108.0,108.0,116.0,332.0,332.0,4.875197310101152,688.2938172619806,608.8657144314747,591.3290179248659,3072.0202037837043,5.70878139531358,-0.6361142698773712,4.962844630259906,5.075651018537644,7.0
42.000000,85.0,0.085,0.85,0.85,0.85,112.0,120.0,118.0,350.0,350.0,4.442651247990316,467.129446274508,405.148036295631,398.4048703710373,1267.4651976938899,4.769204792796814,-0.48376120993787586,4.4543472962535064,4.391485447863172,3.0
420.001000,127.0,0.127,1.27,1.27,1.27,116.0,110.0,118.0,344.0,344.0,4.844187073758594,697.9542998537312,597.216328515835,594.7506314729541,2885.7859477113634,5.647779045067393,-0.6416685842870335,4.934473933130693,5.038422390746132,7.0
421.002000,133.0,0.133,1.33,1.33,1.33,116.0,110.0,116.0,342.0,342.0,4.890349114921754,738.9770323094554,644.4086379247535,623.8022996906031,2971.298143676557,5.683168247780405,-0.6613117956235874,4.948759890378168,5.106495938357455,7.0
422.003000,128.0,0.128,1.28,1.28,1.28,118.0,110.0,120.0,348.0,348.0,4.852030251119617,717.8790056356708,623.2099020540709,598.5048423102581,3013.9830692980677,5.684780787931783,-0.6354722411053251,4.948759890378168,5.113000610538778,7.0
423.004000,118.0,0.118,1.18,1.18,1.18,90.0,86.0,92.0,268.0,268.0,4.770684612665663,577.0077187537338,492.5001711693741,463.18702533112923,2806.8152519188307,5.607226617704489,-0.6249863072905306,4.905274778438431,5.04941554026593,7.0
424.005000,122.0,0.122,1.22,1.22,1.22,94.0,92.0,98.0,284.0,284.0,4.8040210325332575,617.3647008148988,537.2166440520936,511.2875075920243,2741.993179945639,5.599826122700796,-0.6141203881463069,4.897839799950912,4.983450547814558,7.0
425.000000,118.0,0.118,1.18,1.18,1.18,102.0,100.0,106.0,308.0,308.0,4.770684612665663,609.2216855036966,559.2054234762778,491.6745859352799,2566.9180352583735,5.559310940182458,-0.6218635665561161,4.882801922586371,5.022415842360327,6.0
426.001000,117.0,0.117,1.17,1.17,1.17,102.0,112.0,114.0,328.0,328.0,4.762173923097755,604.3073766050065,560.0114255041658,489.9034201130499,2418.7000010545635,5.489094794938863,-0.5592146527721611,4.852030263919617,4.926019129793241,6.0
427.002000,124.0,0.124,1.24,1.24,1.24,116.0,112.0,138.0,366.0,366.0,4.820281553205036,712.0234345999894,641.3560455869629,604.2334230388542,2550.1649122341414,5.519864062543515,-0.5928473247471846,4.859812404361671,4.921278406715648,6.0
428.003000,122.0,0.122,1.22,1.22,1.22,104.0,114.0,116.0,334.0,334.0,4.8040210325332575,659.4195541534672,591.600826719265,547.7501109305464,2514.3823863320326,5.50585777442619,-0.5740354768035534,4.859812404361671,4.916490638399582,6.0
429.004000,118.0,0.118,1.18,1.18,1.18,104.0,96.0,118.0,318.0,318.0,4.770684612665663,655.0879749165176,592.969319936534,508.90880684186357,2281.5610493274608,5.462816679602059,-0.6031962765177621,4.820281565605037,4.844910445073651,6.0
43.001000,84.0,0.084,0.84,0.84,0.84,102.0,106.0,120.0,328.0,328.0,4.430816790443312,449.2896415485077,439.7770006700631,403.5285958766676,1217.8261322624933,4.721021106274304,-0.3628464231341173,4.4308167988433125,4.234584081580029,3.0
430.005000,116.0,0.116,1.16,1.16,1.16,96.0,100.0,112.0,308.0,308.0,4.753590179506363,633.8970113805921,568.2595635690949,487.239976774451,2258.6648388266503,5.43563981765387,-0.4966886152518719,4.812184355372416,4.845735555925701,6.0
431.000000,128.0,0.128,1.28,1.28,1.28,104.0,118.0,136.0,358.0,358.0,4.852030251119617,726.3743028329164,692.3050973738498,637.1018497932338,2600.5171837860667,5.5442344000367445,-0.631802043244909,4.87519732320115,5.018124494990119,6.0
432.001000,123.0,0.123,1.23,1.23,1.23,94.0,100.0,120.0,314.0,314.0,4.812184343072419,657.7756924199984,605.198203413656,525.3187870931744,2438.2007013811285,5.489557498024108,-0.5797664777043541,4.852030263919617,4.921127724969406,6.0
433.002000,123.0,0.123,1.23,1.23,1.23,98.0,98.0,118.0,314.0,314.0,4.812184343072419,704.474837740564,633.631145506326,530.3167809807524,2459.0993833186694,5.548876214558836,-0.6144828803229614,4.867534450455582,5.014905782541625,6.0
434.003000,116.0,0.116,1.16,1.16,1.16,98.0,108.0,118.0,324.0,324.0,4.753590179506363,626.984673780462,570.2911931195466,523.5862020655085,2411.097302908447,5.4639336367929925,-0.550415762141446,4.836281906951481,4.943524521884458,6.0
435.004000,118.0,0.118,1.18,1.18,1.18,116.0,102.0,118.0,336.0,336.0,4.770684612665663,675.3463663462119,607.2189156290342,525.8584468383136,2285.6568806787704,5.474163039893452,-0.5878551544545805,4.820281565605037,4.853634848309275,6.0
436.005000,119.0,0.119,1.19,1.19,1.19,114.0,98.0,122.0,334.0,334.0,4.779123481211528,663.1054088440721,602.8362023641113,535.2348593800515,2315.0084589342887,5.444305137317527,-0.6033809056346833,4.820281565605037,4.848651787525302,6.0
437.000000,124.0,0.124,1.24,1.24,1.24,104.0,96.0,96.0,296.0,296.0,4.820281553205036,582.0,577.193548387097,577.193548387097,2906.680592,5.569605508787703,-0.7310472917868527,4.897839799950912,5.11188751771458,6.0
438.001000,120.0,0.12,1.2,1.2,1.2,126.0,126.0,120.0,372.0,372.0,4.787491730782044,592.253985709728,569.5225350422655,553.7901459146733,2701.111831108324,5.510826539838211,-0.6006394102540558,4.867534450455582,5.064034317413838,6.0
439.002000,118.0,0.118,1.18,1.18,1.18,118.0,122.0,122.0,362.0,362.0,4.770684612665663,557.3227782519343,549.9947709630139,529.0383829884418,2794.5931960236985,5.54439957074498,-0.6944488347151059,4.882801922586371,5.056608107523126,6.0
44.002000,85.0,0.085,0.85,0.85,0.85,112.0,100.0,102.0,314.0,314.0,4.442651247990316,438.69916254931525,421.22931462247453,378.9421110635049,1245.4769955021197,4.759724597080094,-0.507153395395703,4.4543472962535064,4.377142375624277,3.0
440.003000,113.0,0.113,1.13,1.13,1.13,88.0,88.0,102.0,278.0,278.0,4.727387807412342,548.1324394860377,536.6020334105748,532.2212793157769,2784.7630159998907,5.534915146750204,-0.621694558754454,4.882801922586371,5.067773118647493,6.0
441.004000,130.0,0.13,1.3,1.3,1.3,110.0,112.0,106.0,328.0,328.0,4.867534437455583,681.9844421059329,627.232511046049,617.5984314634032,2866.5737433314343,5.552812834039017,-0.6750010732636098,4.897839799950912,5.050569732425242,6.0
442.005000,127.0,0.127,1.27,1.27,1.27,134.0,138.0,138.0,410.0,410.0,4.844187073758594,670.0936706149897,653.7800447630701,621.6065995825699,2782.57162933481,5.524624815368594,-0.6628020790584959,4.882801922586371,5.041688050010442,6.0
443.000000,122.0,0.122,1.22,1.22,1.22,108.0,100.0,116.0,324.0,324.0,4.8040210325332575,680.9889177241905,630.846856713831,542.1478321193558,2512.0109410596597,5.53935423476431,-0.6145546127830324,4.867534450455582,5.026067613917509,6.0
444.001000,124.0,0.124,1.24,1.24,1.24,128.0,132.0,130.0,390.0,390.0,4.820281553205036,681.9263131411473,661.804987511705,581.7041832181153,2376.9285943702034,5.450138296475884,-0.5976034098244165,4.8283137373023015,4.9386922934567075,6.0
445.002000,122.0,0.122,1.22,1.22,1.22,114.0,106.0,134.0,354.0,354.0,4.8040210325332575,704.4366064695795,641.7066307085338,576.5288939694282,2361.866286024803,5.483897596778922,-0.5961174594941312,4.8283137373023015,4.922050991436316,6.0
446.003000,111.0,0.111,1.11,1.11,1.11,86.0,92.0,106.0,284.0,284.0,4.7095301902123365,576.6169349900435,512.2553971844735,444.7492894471049,2322.373702161794,5.481241953843331,-0.5313629961100705,4.8283137373023015,4.95376681315291,6.0
447.004000,119.0,0.119,1.19,1.19,1.19,104.0,108.0,126.0,338.0,338.0,4.779123481211528,676.6815974990984,612.79646880667,540.37067319003,2273.867865322925,5.439493214702127,-0.6073019064868364,4.812184355372416,4.839678007395881,6.0
448.005000,121.0,0.121,1.21,1.21,1.21,114.0,114.0,138.0,366.0,366.0,4.79579053349674,694.6311547325696,629.205068219156,576.7588183705885,2407.6690230992144,5.471086138854553,-0.5276277218514256,4.836281906951481,4.952881787139549,6.0
449.000000,107.0,0.107,1.07,1.07,1.07,102.0,106.0,114.0,322.0,322.0,4.672828823761908,537.9592349407861,480.6603984303599,468.48317036717197,2422.1667566451615,5.422951351040144,-0.5953449545790468,4.820281565605037,4.768473935204211,5.0
45.003000,86.0,0.086,0.86,0.86,0.86,114.0,106.0,128.0,348.0,348.0,4.454347287653507,468.27278566486444,455.70568305018526,438.1843219826248,1293.2633103913847,4.760368822090626,-0.4532228434980117,4.4543472962535064,4.37699364876211,3.0
450.001000,110.0,0.11,1.1,1.1,1.1,110.0,114.0,132.0,356.0,356.0,4.700480354792415,569.7066984809019,501.3414318232167,469.64277878679064,2185.6188861171004,5.333022046619246,-0.5424401301561916,4.770684624465663,4.739899522368045,5.0
451.002000,108.0,0.108,1.08,1.08,1.08,118.0,120.0,130.0,368.0,368.0,4.68213121632422,544.796060577845,517.7021585306258,491.05733644708437,2261.19850832654,5.386738835768822,-0.6357710720580538,4.787491742782048,4.801990255776264,5.0
452.003000,103.0,0.103,1.03,1.03,1.03,94.0,98.0,106.0,298.0,298.0,4.634728977929635,490.717166925966,439.19736205455666,398.35731567967156,2032.702293768098,5.288489118212573,-0.5129246217333558,4.744932128363249,4.760632372227065,5.0
453.004000,100.0,0.1,1.0,1.0,1.0,90.0,100.0,104.0,294.0,294.0,4.605170175988092,450.0215534108367,421.38771538134847,397.3507312078148,2033.6527688899484,5.245763257799779,-0.48261449697490333,4.72738781871234,4.670361816211746,5.0
454.005000,99.0,0.099,0.99,0.99,0.99,94.0,94.0,106.0,294.0,294.0,4.595119840234592,459.57966047937566,410.86618072223473,388.8268860711168,2069.8090835141406,5.255916770994623,-0.512837634625269,4.736198448394495,4.684805195002248,5.0
455.000000,126.0,0.126,1.26,1.26,1.26,98.0,106.0,126.0,330.0,330.0,4.83628189435148,730.1056335659679,662.6621952557003,580.1369330830937,2549.850582442707,5.552522292668649,-0.6302677971956192,4.87519732320115,5.016829252064632,6.0
456.001000,117.0,0.117,1.17,1.17,1.17,108.0,108.0,114.0,330.0,330.0,4.762173923097755,619.2629820670718,569.8871320959057,505.9609969481336,2437.4280297595187,5.482523046525717,-0.6291743245804442,4.844187086458595,4.91422319902372,6.0
457.002000,123.0,0.123,1.23,1.23,1.23,96.0,98.0,114.0,308.0,308.0,4.812184343072419,659.6989563724568,601.3282122122714,526.9403110900685,2505.1634327411257,5.545034830765355,-0.6046977559476368,4.867534450455582,5.01643110281831,6.0
458.003000,119.0,0.119,1.19,1.19,1.19,118.0,112.0,122.0,352.0,352.0,4.779123481211528,654.2232117406455,591.5369099096743,540.0886178454787,2357.887302394511,5.466350303069579,-0.5684749872273827,4.8283137373023015,4.941884004875343,6.0
459.004000,115.0,0.115,1.15,1.15,1.15,100.0,100.0,116.0,316.0,316.0,4.744932116863252,622.621294064706,571.9371981204728,489.580638249604,2306.697521838645,5.440220325201737,-0.5750224719864323,4.820281565605037,4.828390749802456,6.0
46.004000,83.0,0.083,0.83,0.83,0.83,120.0,110.0,110.0,340.0,340.0,4.418840599496599,439.35357686802706,409.23643377277,389.38589297366053,1223.241367363466,4.705967245625747,-0.5344969591425168,4.4308167988433125,4.229044916725412,3.0
460.005000,117.0,0.117,1.17,1.17,1.17,96.0,112.0,118.0,326.0,326.0,4.762173923097755,641.4573522898278,568.5077283845997,517.3169706076234,2229.9630628835616,5.422661235667875,-0.5928858555093366,4.804021044733256,4.858626969608303,6.0
461.000000,114.0,0.114,1.14,1.14,1.14,88.0,90.0,102.0,280.0,280.0,4.736198436994495,589.5045909496707,553.9721017939514,471.33032480023775,2572.894411357899,5.525336888006312,-0.6297729164670405,4.87519732320115,4.986171643636177,6.0
462.001000,120.0,0.12,1.2,1.2,1.2,114.0,102.0,114.0,330.0,330.0,4.787491730782044,620.3380674664772,538.8404896119982,504.47144292152444,2522.576222735168,5.50713284498214,-0.6443179166218651,4.859812404361671,4.902523881427493,6.0
463.002000,117.0,0.117,1.17,1.17,1.17,104.0,104.0,90.0,298.0,298.0,4.762173923097755,581.3487192636464,543.2415266149019,498.1447968564941,2533.230703830911,5.524115987972949,-0.6719370400345124,4.87519732320115,4.97356316734014,6.0
464.003000,117.0,0.117,1.17,1.17,1.17,88.0,90.0,100.0,278.0,278.0,4.762173923097755,607.2372015097912,561.9776862579176,497.31502676220543,2511.647573887919,5.507792224796162,-0.6271689020325186,4.867534450455582,4.985089575969872,6.0
465.004000,118.0,0.118,1.18,1.18,1.18,100.0,82.0,104.0,286.0,286.0,4.770684612665663,622.8266123130467,584.6528632770326,480.30018542687014,2478.201934116494,5.53085790570728,-0.6219303780730896,4.87519732320115,4.984169866305832,6.0
466.005000,120.0,0.12,1.2,1.2,1.2,114.0,94.0,108.0,316.0,316.0,4.787491730782044,650.2716180192947,590.3924393710122,543.1859426096928,2515.1996992096583,5.503269266972039,-0.6013973284001168,4.859812404361671,4.897055799745289,6.0
467.000000,117.0,0.117,1.17,1.17,1.17,100.0,98.0,118.0,316.0,316.0,4.762173923097755,630.7394830531593,577.036495261235,511.6428251044089,2535.643285053243,5.531008496763035,-0.6373445598409018,4.87519732320115,4.998378233815015,6.0
468.001000,115.0,0.115,1.15,1.15,1.15,112.0,92.0,104.0,308.0,308.0,4.744932116863252,606.1248699358716,567.4987639768469,502.8285400003247,2512.539918596735,5.508204022512152,-0.6609739450528318,4.859812404361671,4.92013066483266,6.0
469.002000,117.0,0.117,1.17,1.17,1.17,98.0,82.0,106.0,286.0,286.0,4.762173923097755,598.597947141879,569.9577082919692,486.8289599507673,2562.7308451386066,5.5218867051410765,-0.6207789453232673,4.87519732320115,4.986279761104053,6.0
47.005000,85.0,0.085,0.85,0.85,0.85,116.0,114.0,112.0,342.0,342.0,4.442651247990316,432.8980768387827,401.23104673226254,377.3532293701314,1233.6996958225384,4.731948102365661,-0.5015431999532374,4.442651256490314,4.383312561062353,3.0
470.003000,121.0,0.121,1.21,1.21,1.21,116.0,100.0,114.0,330.0,330.0,4.79579053349674,624.5553261968568,556.4327101829442,523.7392363474718,2734.1776141059113,5.543777394873221,-0.6286687814590404,4.890349128221754,4.971782263696732,6.0
471.004000,123.0,0.123,1.23,1.23,1.23,100.0,90.0,106.0,296.0,296.0,4.812184343072419,603.2273868142697,543.2393513724571,500.46009108156574,2595.2533497872,5.518470563381939,-0.650706716488457,4.882801922586371,4.947979275723438,6.0
472.005000,116.0,0.116,1.16,1.16,1.16,110.0,100.0,100.0,310.0,310.0,4.753590179506363,593.9970767816393,557.1764605232438,490.5333592468411,2428.647967506911,5.4741803928604975,-0.6261893990596072,4.844187086458595,4.9128021612900055,6.0
473.000000,142.0,0.142,1.42,1.42,1.42,130.0,158.0,156.0,444.0,444.0,4.9558270434012615,857.9968356516966,839.1912837170113,791.1076552791799,2981.530736,5.710590545237333,-0.7349916340989178,4.955827057601261,5.134711675516311,7.0
474.001000,136.0,0.136,1.36,1.36,1.36,104.0,128.0,130.0,362.0,362.0,4.912654872136052,782.7353377088706,713.6572699453668,668.5779805810565,2839.3320591834936,5.634997460455963,-0.6966411916624171,4.919980925828126,5.073053326384823,7.0
475.002000,139.0,0.139,1.39,1.39,1.39,130.0,150.0,144.0,424.0,424.0,4.934473919230692,820.1865305329402,795.6784310146024,716.8544629128893,2954.412006579881,5.714919322887019,-0.6898058117361692,4.948759890378168,5.164403627536208,7.0
476.003000,136.0,0.136,1.36,1.36,1.36,126.0,134.0,136.0,396.0,396.0,4.912654872136052,790.8153493024894,755.7038652823602,697.0101971798563,2884.735506283155,5.656626635714644,-0.7183484348061908,4.927253685157205,5.076554752825203,7.0
477.004000,137.0,0.137,1.37,1.37,1.37,140.0,136.0,176.0,452.0,452.0,4.919980912128125,869.6478274709519,845.2256291788972,756.3090251019752,2817.8859279875237,5.635007897883626,-0.679424075442689,4.919980925828126,5.077956828548452,7.0
478.005000,134.0,0.134,1.34,1.34,1.34,114.0,134.0,142.0,390.0,390.0,4.897839786550913,759.0234788322413,735.1716519093302,657.22277970619,2860.183844827996,5.6219945332614065,-0.6733699404379889,4.919980925828126,5.069612944404941,7.0
479.000000,113.0,0.113,1.13,1.13,1.13,108.0,104.0,116.0,328.0,328.0,4.727387807412342,551.889838745444,526.6493923157509,447.4784680538495,2034.6075304112742,5.334685650694949,-0.5937488375947981,4.762173934797756,4.779160788524604,5.0
48.000000,45.0,0.045,0.45,0.45,0.45,86.0,86.0,90.0,262.0,262.0,3.8066624852703197,291.93916189778224,282.5978831685753,264.9296216003092,436.6258400000001,3.7770265328630708,-1.1637583831878875,3.8066624897703196,3.1711203861773622,1.0
480.001000,115.0,0.115,1.15,1.15,1.15,122.0,138.0,138.0,398.0,398.0,4.744932116863252,656.7815227800496,629.8773055757557,553.6194325137596,2095.5837549116536,5.317138690649355,-0.6447401843262099,4.762173934797756,4.785718015807965,5.0
481.002000,110.0,0.11,1.1,1.1,1.1,102.0,104.0,114.0,320.0,320.0,4.700480354792415,543.5242441712244,529.1141179839061,438.1252742085059,2039.8237647467088,5.3276795562583725,-0.5454283534293518,4.762173934797756,4.790496101399493,5.0
482.003000,115.0,0.115,1.15,1.15,1.15,106.0,108.0,110.0,324.0,324.0,4.744932116863252,573.3888769230101,541.9579014173737,493.10539557265906,2175.4911526421106,5.334272339315669,-0.6056931687227776,4.770684624465663,4.795158365186342,5.0
483.004000,107.0,0.107,1.07,1.07,1.07,88.0,88.0,94.0,270.0,270.0,4.672828823761908,487.7996799125639,484.34149756121025,396.0831215916466,2007.0665060132867,5.296401529886078,-0.6146097695377901,4.753590191106363,4.777417454271361,5.0
484.005000,112.0,0.112,1.12,1.12,1.12,98.0,104.0,108.0,310.0,310.0,4.718498860095095,577.1850298312688,559.4509777369568,434.9175638603459,1964.327592920447,5.304476551054386,-0.5543524301875249,4.744932128363249,4.795093879379372,5.0
485.000000,102.0,0.102,1.02,1.02,1.02,134.0,130.0,136.0,400.0,400.0,4.624972803084271,528.2731269761778,516.0211947961606,512.5880311688386,1811.2125734117233,5.059729191455455,-0.7527958771447061,4.634728988229636,4.518393374914579,4.0
486.001000,99.0,0.099,0.99,0.99,0.99,118.0,116.0,136.0,370.0,370.0,4.595119840234592,535.2650576576365,498.8914357208162,481.2778500558903,1674.9663986341634,5.0301717150464516,-0.7198522226120825,4.605170185988092,4.581541129881299,4.0
487.002000,99.0,0.099,0.99,0.99,0.99,130.0,124.0,140.0,394.0,394.0,4.595119840234592,535.1916795729819,513.1379525209051,472.0340042697493,1668.6108757988159,4.998296427848265,-0.7483747328857318,4.5951198501345925,4.47989153512982,4.0
488.003000,100.0,0.1,1.0,1.0,1.0,132.0,126.0,134.0,392.0,392.0,4.605170175988092,547.0011902803998,499.2248222402692,475.4139874793317,1644.04966284488,5.020573366166868,-0.7299967047708193,4.605170185988092,4.584640072599916,4.0
489.004000,103.0,0.103,1.03,1.03,1.03,128.0,128.0,128.0,384.0,384.0,4.634728977929635,543.0961083042547,509.19619662858355,477.4552678826957,1718.4996836418884,5.055640353542523,-0.7672141302253603,4.634728988229636,4.5408635694706225,4.0
49.001000,46.0,0.046,0.46,0.46,0.46,74.0,70.0,88.0,232.0,232.0,3.8286413918890942,226.0158945342179,222.14992386488404,204.74722507915897,449.7647083999826,3.8106928310639825,-1.0681775655107517,3.8286413964890946,3.235691069124729,1.0
490.005000,101.0,0.101,1.01,1.01,1.01,144.0,142.0,154.0,440.0,440.0,4.615120506741261,592.216595844354,533.5654857968327,501.5842549924771,1691.119785846168,5.044648141586392,-0.7445406614730614,4.6151205168412615,4.567288448777664,4.0
491.000000,123.0,0.123,1.23,1.23,1.23,96.0,96.0,98.0,290.0,290.0,4.812184343072419,637.6337995974054,570.4532870117802,520.3356776184576,2695.004269036304,5.54601572525923,-0.6469930939713704,4.890349128221754,4.936022594481826,6.0
492.001000,119.0,0.119,1.19,1.19,1.19,108.0,94.0,108.0,310.0,310.0,4.779123481211528,619.4014180674924,579.2092002823409,499.204507700587,2481.5481817000696,5.510714238088281,-0.5912710458925998,4.859812404361671,4.917368210257684,6.0
493.002000,121.0,0.121,1.21,1.21,1.21,92.0,90.0,90.0,272.0,272.0,4.79579053349674,630.6845468183602,571.0633331551534,503.2769134149168,2575.3180455902434,5.521748563228266,-0.6466916024700091,4.867534450455582,4.983174808138749,6.0
494.003000,120.0,0.12,1.2,1.2,1.2,104.0,98.0,106.0,308.0,308.0,4.787491730782044,605.9511616727063,557.6093489777141,523.4061560162461,2501.852719352652,5.4828154271697525,-0.6279668841004789,4.852030263919617,4.913464863163168,6.0
495.004000,122.0,0.122,1.22,1.22,1.22,90.0,82.0,98.0,270.0,270.0,4.8040210325332575,614.1325347430892,580.0341589761697,484.29232267418394,2405.773343198203,5.472366640702001,-0.6448022964216373,4.852030263919617,4.890582470048434,6.0
496.005000,118.0,0.118,1.18,1.18,1.18,106.0,110.0,110.0,326.0,326.0,4.770684612665663,614.9239638111767,546.4010766823683,498.8444510318792,2416.6594585319754,5.4698727712220725,-0.6648771294935423,4.844187086458595,4.9077788629549515,6.0
497.000000,117.0,0.117,1.17,1.17,1.17,118.0,116.0,130.0,364.0,364.0,4.762173923097755,657.3458039648938,598.4449060271412,527.2520250507,2552.8980041898735,5.548074820873971,-0.6219152996660009,4.87519732320115,5.039332307238509,6.0
498.001000,119.0,0.119,1.19,1.19,1.19,104.0,110.0,116.0,330.0,330.0,4.779123481211528,626.8699116177669,585.8852449512242,517.5305577167225,2365.891141320748,5.486082701593429,-0.5679846280088379,4.8283137373023015,4.948441051747803,6.0
499.002000,120.0,0.12,1.2,1.2,1.2,106.0,108.0,108.0,322.0,322.0,4.787491730782044,603.702714525908,563.025849504058,509.7714359700335,2473.5596719072205,5.508202292767038,-0.6102847371939473,4.852030263919617,4.9220846294902465,6.0
5.10_vac,149.0,0.149,1.49,1.49,1.49,94.0,106.0,106.0,306.0,306.0,5.003946291045461,815.7281039666744,775.9694564751259,727.0675402293404,3890.3968854131012,6.025327455864344,-0.6742665983422564,5.099866427824199,5.416086557258629,10.0
50.002000,49.0,0.049,0.49,0.49,0.49,98.0,98.0,98.0,294.0,294.0,3.891820293210626,346.8517178296576,341.2742873775419,305.34338254790237,481.8017631356191,3.8777917108127626,-0.9671366555585665,3.891820298110627,3.2695890279027138,1.0
500.003000,116.0,0.116,1.16,1.16,1.16,94.0,90.0,112.0,296.0,296.0,4.753590179506363,604.0971954139502,531.7789916581967,481.623812927853,2475.0700710378615,5.5176456439604245,-0.5716788195026261,4.859812404361671,4.903373104390657,6.0
501.004000,122.0,0.122,1.22,1.22,1.22,114.0,112.0,130.0,356.0,356.0,4.8040210325332575,709.2758827999717,648.0377389807436,557.210968383219,2482.3025994634063,5.519752163001967,-0.6045133266104621,4.867534450455582,5.005013312436475,6.0
502.005000,122.0,0.122,1.22,1.22,1.22,86.0,88.0,90.0,264.0,264.0,4.8040210325332575,567.617502284359,544.3651962657851,498.34517030231444,2451.858808753247,5.504576842433664,-0.5923352788397329,4.859812404361671,4.905854859447243,6.0
503.000000,114.0,0.114,1.14,1.14,1.14,128.0,128.0,124.0,380.0,380.0,4.736198436994495,561.342105263158,560.3597275966824,528.9823776664757,2906.680592,5.569605508787703,-0.7310472917868522,4.897839799950912,5.11188751771458,6.0
504.001000,124.0,0.124,1.24,1.24,1.24,122.0,120.0,128.0,370.0,370.0,4.820281553205036,611.582764620057,594.1077893363419,568.0191234629559,2651.05741771912,5.492801760855557,-0.6212400033610637,4.859812404361671,4.91608012807023,6.0
505.002000,124.0,0.124,1.24,1.24,1.24,148.0,136.0,148.0,432.0,432.0,4.820281553205036,703.5925045717122,695.2945209702007,658.8065228451843,2853.1022041085803,5.558814844476154,-0.696574074279575,4.890349128221754,5.070631595893735,6.0
506.003000,125.0,0.125,1.25,1.25,1.25,142.0,156.0,144.0,442.0,442.0,4.828313724802301,708.5858043018619,701.4625007333063,672.6716949648318,2840.9575284116686,5.557224098361228,-0.6721988380644008,4.890349128221754,5.065917867447304,6.0
507.005000,126.0,0.126,1.26,1.26,1.26,112.0,118.0,122.0,352.0,352.0,4.83628189435148,624.1803704763497,599.3199321891349,588.8647766995955,2759.0661103060306,5.517338861155093,-0.6457076986131689,4.87519732320115,5.05202417567542,6.0
508.000000,130.0,0.13,1.3,1.3,1.3,102.0,122.0,138.0,362.0,362.0,4.867534437455583,774.9521042656639,722.7652244815769,644.7442097142981,2532.341708456857,5.538090063441617,-0.6261047577922096,4.867534450455582,5.007926689438876,6.0
509.001000,124.0,0.124,1.24,1.24,1.24,118.0,130.0,130.0,378.0,378.0,4.820281553205036,702.6609932625338,649.2486688370144,581.8645314488386,2390.9482284356923,5.490376242921262,-0.5610937116224397,4.836281906951481,4.95929912241736,6.0
51.003000,46.0,0.046,0.46,0.46,0.46,80.0,86.0,92.0,258.0,258.0,3.8286413918890942,256.0449874719203,245.8174848330351,243.0505711733054,445.01524280417874,3.8176381042308187,-1.0953625179155548,3.8286413964890946,3.233352398339025,1.0
510.002000,130.0,0.13,1.3,1.3,1.3,106.0,120.0,136.0,362.0,362.0,4.867534437455583,758.7010459992229,696.6220077998896,626.5692538931953,2579.378155626605,5.564278491134904,-0.5673638675660393,4.882801922586371,5.014996812987755,6.0
511.003000,122.0,0.122,1.22,1.22,1.22,108.0,108.0,124.0,340.0,340.0,4.8040210325332575,715.2386657196773,606.7847347528143,540.8290585439022,2426.423532538612,5.509887075753036,-0.5340308029891006,4.852030263919617,4.923511399693401,6.0
512.004000,117.0,0.117,1.17,1.17,1.17,108.0,102.0,116.0,326.0,326.0,4.762173923097755,622.2196450368428,557.9368775492939,510.30501587540186,2498.3366815731224,5.485360053861317,-0.6334701084249783,4.852030263919617,4.899874558746357,6.0
513.005000,117.0,0.117,1.17,1.17,1.17,94.0,98.0,116.0,308.0,308.0,4.762173923097755,606.7640893784389,564.1170786827018,492.0590028790297,2412.873658347749,5.509908861268381,-0.5971565655122859,4.852030263919617,4.935242029508347,6.0
514.000000,126.0,0.126,1.26,1.26,1.26,116.0,112.0,126.0,354.0,354.0,4.83628189435148,703.1477329149795,647.8673512596175,589.7626936031811,2598.012957541336,5.55731212867869,-0.6282747836391294,4.882801922586371,5.026453881030599,6.0
515.001000,112.0,0.112,1.12,1.12,1.12,100.0,94.0,110.0,304.0,304.0,4.718498860095095,550.834530191677,513.805947192646,454.4488083299628,2388.796235196351,5.4748784324477215,-0.5848118801844389,4.844187086458595,4.917443436539964,6.0
516.002000,120.0,0.12,1.2,1.2,1.2,92.0,94.0,104.0,290.0,290.0,4.787491730782044,618.9052072956866,560.0151453130846,480.8963140578948,2531.2335325308604,5.546870688243156,-0.6047010671665696,4.87519732320115,5.010973862721933,6.0
517.003000,120.0,0.12,1.2,1.2,1.2,96.0,94.0,104.0,294.0,294.0,4.787491730782044,641.8358938066772,593.4284395216994,504.60233333829024,2409.2456275616105,5.506604158106905,-0.5609577599980544,4.852030263919617,4.904250774587286,6.0
518.004000,115.0,0.115,1.15,1.15,1.15,100.0,96.0,110.0,306.0,306.0,4.744932116863252,577.6012537999645,524.5265760083807,470.21999627861135,2395.829938711517,5.480487183646256,-0.5920791413506175,4.844187086458595,4.924260945375146,6.0
519.005000,116.0,0.116,1.16,1.16,1.16,104.0,100.0,126.0,330.0,330.0,4.753590179506363,642.9587558615249,575.3466014019326,507.28084963309374,2342.228528321193,5.456902712403896,-0.5338809527735555,4.8283137373023015,4.938860862545403,6.0
52.004000,50.0,0.05,0.5,0.5,0.5,100.0,98.0,98.0,296.0,296.0,3.9120230004281464,374.2612173540953,367.36415583356296,361.2546268123415,495.6661146000152,3.8878602798889017,-0.9816470702885005,3.9120230054281455,3.4241604583067997,1.0
520.000000,120.0,0.12,1.2,1.2,1.2,88.0,88.0,88.0,264.0,264.0,4.787491730782044,543.4666666666667,543.4666666666666,516.0,2906.6805920000006,5.569605508787704,-0.7310472917868513,4.897839799950912,5.11188751771458,6.0
521.001000,122.0,0.122,1.22,1.22,1.22,116.0,114.0,120.0,350.0,350.0,4.8040210325332575,615.5105325714283,585.50983472019,553.5697966428082,2755.0292005858923,5.528294962041371,-0.6431335270536156,4.87519732320115,5.067212495871903,6.0
522.002000,122.0,0.122,1.22,1.22,1.22,124.0,116.0,122.0,362.0,362.0,4.8040210325332575,643.3058270482716,612.0854837633009,594.6906564015421,2745.113322608095,5.538586929741048,-0.6835280904012522,4.87519732320115,5.061468330045843,6.0
523.003000,122.0,0.122,1.22,1.22,1.22,118.0,114.0,126.0,358.0,358.0,4.8040210325332575,632.336851709826,602.253378469174,595.1474747390321,2704.21728340401,5.500222227199144,-0.6032665031224389,4.867534450455582,5.051564164772408,6.0
524.004000,127.0,0.127,1.27,1.27,1.27,114.0,112.0,116.0,342.0,342.0,4.844187073758594,664.1097634648005,632.6929523776258,604.6146069922194,2841.5157216087487,5.545124822599919,-0.692367248012487,4.890349128221754,5.056491534511886,6.0
525.005000,133.0,0.133,1.33,1.33,1.33,134.0,136.0,116.0,386.0,386.0,4.890349114921754,755.5806144470054,700.039588446358,683.838443723178,2893.7924287174424,5.562723686285416,-0.6862154242834939,4.897839799950912,5.061535281309533,6.0
526.000000,120.0,0.12,1.2,1.2,1.2,88.0,88.0,88.0,264.0,264.0,4.787491730782044,543.4666666666666,543.4666666666666,516.0,2906.680592,5.569605508787703,-0.7310472917868522,4.897839799950912,5.11188751771458,6.0
527.001000,118.0,0.118,1.18,1.18,1.18,112.0,110.0,118.0,340.0,340.0,4.770684612665663,619.0951322656458,593.4811181194839,556.06781741148,2691.7884989326435,5.513736318588036,-0.6344447159219326,4.867534450455582,5.0604153931060605,6.0
528.002000,128.0,0.128,1.28,1.28,1.28,126.0,130.0,120.0,376.0,376.0,4.852030251119617,684.3353238914219,659.7045313324119,655.8820197761662,2796.201846260493,5.5528086310658695,-0.6716691765619061,4.882801922586371,5.077799772501025,6.0
529.003000,127.0,0.127,1.27,1.27,1.27,116.0,122.0,120.0,358.0,358.0,4.844187073758594,656.1699563159932,639.675566549965,614.1387291025457,2735.549782640006,5.526328018818236,-0.6506203038087959,4.87519732320115,5.062477439181644,6.0
53.005000,50.0,0.05,0.5,0.5,0.5,100.0,100.0,100.0,300.0,300.0,3.9120230004281464,433.3092171853878,428.7683157785545,368.88246703605773,495.357888337609,3.9022175636499634,-0.998089692860407,3.9120230054281455,3.434088548307882,1.0
530.004000,120.0,0.12,1.2,1.2,1.2,112.0,118.0,118.0,348.0,348.0,4.787491730782044,617.974278782066,588.8081602485264,541.2008943027406,2753.9409588615054,5.49993343531202,-0.5984701213548687,4.87519732320115,5.039897547482389,6.0
531.005000,130.0,0.13,1.3,1.3,1.3,108.0,112.0,114.0,334.0,334.0,4.867534437455583,639.2162038628421,631.4310425710455,591.829676643036,2740.5129718727335,5.514419487959083,-0.6753164786558989,4.87519732320115,5.05080414153203,6.0
532.000000,118.0,0.118,1.18,1.18,1.18,98.0,96.0,110.0,304.0,304.0,4.770684612665663,609.8046367299307,552.0985969632453,509.7916815610615,2556.0795916560946,5.5481282288073945,-0.6215099426779602,4.87519732320115,5.030331085168958,6.0
533.001000,123.0,0.123,1.23,1.23,1.23,110.0,104.0,122.0,336.0,336.0,4.812184343072419,693.6465790487223,653.8807265190813,552.3426131313834,2451.4445544056052,5.534813466985948,-0.591026046231665,4.859812404361671,4.93589490744819,6.0
534.002000,124.0,0.124,1.24,1.24,1.24,104.0,114.0,114.0,332.0,332.0,4.820281553205036,679.2600934751773,614.6685654766254,575.8455345965845,2611.3416900193906,5.540053576266541,-0.5915105236695926,4.87519732320115,5.021548673643832,6.0
535.003000,114.0,0.114,1.14,1.14,1.14,104.0,100.0,116.0,320.0,320.0,4.736198436994495,609.1059728278951,550.5913733241425,478.3201977076113,2165.6275186048833,5.3951270057484555,-0.5194259492054463,4.787491742782048,4.865593546881167,6.0
536.004000,122.0,0.122,1.22,1.22,1.22,102.0,106.0,112.0,320.0,320.0,4.8040210325332575,655.2519167765078,583.1867725631065,539.8236057423526,2454.3415942548686,5.480096484483783,-0.5625215245337887,4.844187086458595,4.91847980049007,6.0
537.005000,118.0,0.118,1.18,1.18,1.18,100.0,102.0,110.0,312.0,312.0,4.770684612665663,616.9606230845627,588.9608165806137,502.94296711448493,2395.521533772134,5.4879201140754645,-0.5625993842088537,4.844187086458595,4.916499323913806,6.0
538.000000,138.0,0.138,1.38,1.38,1.38,138.0,158.0,126.0,422.0,422.0,4.927253671357204,863.0110227043087,835.5060940531974,720.9176658511892,2959.6980645480867,5.696031351228175,-0.7356367259109393,4.948759890378168,5.154701152288703,7.0
539.001000,133.0,0.133,1.33,1.33,1.33,112.0,132.0,140.0,384.0,384.0,4.890349114921754,747.6806474471043,736.1142805234658,652.9569517286777,2926.793084124241,5.67752920108785,-0.6955446465951391,4.941642422609306,5.149274091285687,7.0
54.000000,46.0,0.046,0.46,0.46,0.46,92.0,92.0,92.0,276.0,276.0,3.8286413918890942,455.38938929923347,406.20203876149554,405.10422411318376,449.10086399999994,3.8035042669813035,-1.1234628067136925,3.8286413964890946,3.1962220926899207,1.0
540.002000,140.0,0.14,1.4,1.4,1.4,138.0,140.0,154.0,432.0,432.0,4.9416424086093045,836.5786761600799,830.7304164650474,787.1337645177297,2948.9231370451957,5.688995369463696,-0.7133558608355228,4.941642422609306,5.15851734659215,7.0
541.003000,130.0,0.13,1.3,1.3,1.3,132.0,130.0,144.0,406.0,406.0,4.867534437455583,744.1641491562563,724.3708434491455,657.6957766253669,2915.907426997564,5.666819198454107,-0.6641741975052464,4.934473933130693,5.077151251538768,7.0
542.004000,134.0,0.134,1.34,1.34,1.34,150.0,170.0,170.0,490.0,490.0,4.897839786550913,827.0555241705617,814.9170710226896,749.818449582868,2764.9142207090063,5.618056087874033,-0.7011148584135629,4.9126548857360515,5.07628813880653,7.0
543.005000,139.0,0.139,1.39,1.39,1.39,128.0,160.0,156.0,444.0,444.0,4.934473919230692,853.8121699211758,820.5990102220613,736.4665176984895,2880.064306673666,5.67777056550587,-0.6806717811470699,4.941642422609306,5.15709795860993,7.0
544.000000,124.0,0.124,1.24,1.24,1.24,88.0,96.0,88.0,272.0,272.0,4.820281553205036,574.0,573.1935483870967,573.1935483870966,2906.680592,5.569605508787703,-0.7310472917868522,4.897839799950912,5.11188751771458,6.0
545.001000,117.0,0.117,1.17,1.17,1.17,100.0,98.0,100.0,298.0,298.0,4.762173923097755,568.6261343974542,560.3835904720443,530.2723264125528,2797.987481516611,5.5385897621167475,-0.6664260200438279,4.882801922586371,5.0588842253162865,6.0
546.002000,122.0,0.122,1.22,1.22,1.22,114.0,108.0,114.0,336.0,336.0,4.8040210325332575,630.100646086184,598.5443798929375,589.6172691028457,2901.3770649182597,5.580157166401737,-0.6923618578436086,4.897839799950912,5.069398671560398,6.0
547.003000,129.0,0.129,1.29,1.29,1.29,126.0,126.0,122.0,374.0,374.0,4.859812391461672,689.4466396331136,648.4325177876929,627.4851836644646,2736.153985988206,5.519246296184067,-0.6497092773773177,4.87519732320115,5.056364905722357,6.0
548.004000,126.0,0.126,1.26,1.26,1.26,112.0,118.0,112.0,342.0,342.0,4.83628189435148,651.90689049337,648.4150877407692,636.5192916071313,2826.2821899790974,5.537025156454774,-0.6582786473424544,4.890349128221754,5.049089967290968,6.0
549.005000,126.0,0.126,1.26,1.26,1.26,124.0,120.0,118.0,362.0,362.0,4.83628189435148,676.6474692387354,632.0726349356638,592.1846577303621,2878.5282701441324,5.557875600634539,-0.6893043507803145,4.897839799950912,5.055773799140014,6.0
55.001000,47.0,0.047,0.47,0.47,0.47,94.0,94.0,94.0,282.0,282.0,3.8501475970100585,352.4208370759011,335.5312295986114,314.34580566591296,459.6505966984732,3.8208556250891945,-1.0621094879858854,3.850147601710058,3.247034307730308,1.0
550.000000,105.0,0.105,1.05,1.05,1.05,102.0,102.0,114.0,318.0,318.0,4.653960339657523,512.9195439361328,472.3100808375333,442.77037522633407,2362.013803322547,5.390159746506087,-0.5859185616416744,4.804021044733256,4.777036204391754,5.0
551.001000,104.0,0.104,1.04,1.04,1.04,102.0,106.0,122.0,330.0,330.0,4.644390888741372,551.6575598610434,480.2910929367614,457.72442412527255,2180.836323878468,5.317865106651463,-0.48312852253565275,4.762173934797756,4.751273787196785,5.0
552.002000,103.0,0.103,1.03,1.03,1.03,110.0,108.0,120.0,338.0,338.0,4.634728977929635,487.984316313396,450.8549169031322,433.4326114436663,2085.9656857777936,5.2759440447671615,-0.5170045926770395,4.736198448394495,4.6887835101129305,5.0
553.003000,107.0,0.107,1.07,1.07,1.07,108.0,110.0,126.0,344.0,344.0,4.672828823761908,528.5703460673673,475.6022358078341,463.1545209285373,2306.831079650854,5.344650382226931,-0.553306319686957,4.779123493111529,4.760331139274245,5.0
554.004000,105.0,0.105,1.05,1.05,1.05,104.0,102.0,126.0,332.0,332.0,4.653960339657523,528.5490890225155,458.423398450271,430.4751315748321,2174.1368167861424,5.31925057135889,-0.5132616358046675,4.762173934797756,4.748322542580319,5.0
555.005000,110.0,0.11,1.1,1.1,1.1,124.0,122.0,134.0,380.0,380.0,4.700480354792415,563.7006388739176,522.8657353039645,509.1790803675719,2269.3718790161656,5.357211276460542,-0.5232525209681724,4.779123493111529,4.741908476650658,5.0
556.000000,105.0,0.105,1.05,1.05,1.05,92.0,80.0,90.0,262.0,262.0,4.653960339657523,477.7474471223701,469.18138223304504,390.061646835061,2013.0935372293834,5.333807262260551,-0.5888142143278552,4.762173934797756,4.794958767222533,5.0
557.001000,112.0,0.112,1.12,1.12,1.12,86.0,82.0,92.0,260.0,260.0,4.718498860095095,512.4346573720737,485.41334800186587,409.33056605463213,2081.8934422871807,5.35978445574061,-0.5576668288253397,4.779123493111529,4.771997943687788,5.0
558.002000,111.0,0.111,1.11,1.11,1.11,88.0,100.0,96.0,284.0,284.0,4.7095301902123365,518.5738157489642,511.6864083165026,401.3794155741729,2089.0056932794096,5.339343068192004,-0.5513008737249621,4.770684624465663,4.783515954504169,5.0
559.003000,112.0,0.112,1.12,1.12,1.12,110.0,112.0,114.0,336.0,336.0,4.718498860095095,549.3642055499624,523.9149886865376,457.52437719207165,2062.416190673939,5.307879462440087,-0.5814100042409591,4.753590191106363,4.790338992564934,5.0
56.002000,49.0,0.049,0.49,0.49,0.49,98.0,98.0,98.0,294.0,294.0,3.891820293210626,342.6140198448389,330.2589212533919,292.3515486976877,481.41495947874427,3.8905954737832156,-0.9920289804829219,3.891820298110627,3.28271058928096,1.0
560.005000,108.0,0.108,1.08,1.08,1.08,92.0,100.0,112.0,304.0,304.0,4.68213121632422,530.6842103532374,503.36675971125493,423.0045854910634,2001.8040480501352,5.2884658904011665,-0.5806931603263448,4.744932128363249,4.779496893032589,5.0
561.000000,108.0,0.108,1.08,1.08,1.08,140.0,136.0,140.0,416.0,416.0,4.68213121632422,579.4253072652247,567.9673624055904,518.2184414402958,1945.4934988901555,5.144644349290201,-0.7493693716311403,4.682131227124218,4.590327526932425,4.0
562.001000,105.0,0.105,1.05,1.05,1.05,112.0,114.0,130.0,356.0,356.0,4.653960339657523,534.1683704111443,509.01396664441216,486.26528199206234,1860.3780432699255,5.103683821213578,-0.7654637672950826,4.653960350157524,4.623731172966352,4.0
563.002000,101.0,0.101,1.01,1.01,1.01,140.0,132.0,128.0,400.0,400.0,4.615120506741261,548.8034843184911,530.3659852767428,512.1572630780336,1769.8279589816734,5.042721455569088,-0.7005312005279434,4.6249728132842725,4.532637319961648,4.0
564.003000,104.0,0.104,1.04,1.04,1.04,136.0,128.0,140.0,404.0,404.0,4.644390888741372,550.0673748155989,530.4157484446463,515.4207228936007,1810.6935662371648,5.0836172721317645,-0.7386276323745036,4.6443908991413725,4.527748407330288,4.0
565.004000,101.0,0.101,1.01,1.01,1.01,122.0,124.0,134.0,380.0,380.0,4.615120506741261,539.1982149159383,518.5915068235452,493.06176340903113,1744.9849105305664,5.024704099651883,-0.6922189303440067,4.6151205168412615,4.54336517256993,4.0
566.005000,101.0,0.101,1.01,1.01,1.01,124.0,124.0,144.0,392.0,392.0,4.615120506741261,584.5128180832987,515.2495051950912,503.68322127606575,1690.5681669147841,5.041014659062856,-0.7539977180373088,4.6151205168412615,4.574617011208266,4.0
567.000000,127.0,0.127,1.27,1.27,1.27,104.0,112.0,114.0,330.0,330.0,4.844187073758594,707.8179582642581,649.0553739226842,581.3313922225068,2609.8976029519895,5.572733514257981,-0.6305989522596165,4.890349128221754,5.017351537648342,6.0
568.001000,121.0,0.121,1.21,1.21,1.21,116.0,118.0,124.0,358.0,358.0,4.79579053349674,652.5262959526323,621.4226939598447,559.3072084346305,2346.9547188857787,5.473390885709025,-0.5326281424847688,4.8283137373023015,4.932211695308062,6.0
569.002000,126.0,0.126,1.26,1.26,1.26,98.0,118.0,124.0,340.0,340.0,4.83628189435148,708.8757868353598,656.9922126540956,598.6081909867349,2467.1434759672384,5.518381186804139,-0.6020201211679472,4.852030263919617,4.931120172688265,6.0
57.003000,48.0,0.048,0.48,0.48,0.48,90.0,96.0,96.0,282.0,282.0,3.8712010061078903,312.1635241431065,295.43142551250804,268.32171701105216,468.49382985247223,3.859131901363505,-1.0493318394614521,3.871201010907891,3.2629121496811053,1.0
570.003000,120.0,0.12,1.2,1.2,1.2,90.0,92.0,102.0,284.0,284.0,4.787491730782044,587.5924251350611,554.8154958582338,500.7587456733716,2542.233496253287,5.522463718099458,-0.6360420046966531,4.867534450455582,5.018776251610893,6.0
571.004000,126.0,0.126,1.26,1.26,1.26,104.0,112.0,138.0,354.0,354.0,4.83628189435148,735.050188810279,652.9408844913058,603.1517838412719,2455.442390626137,5.494249283622196,-0.6195174677773685,4.852030263919617,4.92229253595125,6.0
572.005000,120.0,0.12,1.2,1.2,1.2,94.0,106.0,108.0,308.0,308.0,4.787491730782044,620.7305944538031,566.03238096126,504.80369125160456,2379.9326433637743,5.467162883809576,-0.571431216946968,4.836281906951481,4.925591683339291,6.0
573.000000,117.0,0.117,1.17,1.17,1.17,96.0,90.0,108.0,294.0,294.0,4.762173923097755,602.8227624665464,551.1727529932906,488.602775138453,2510.3168044978456,5.535300516802764,-0.6335130859619218,4.867534450455582,5.0096669645490195,6.0
574.001000,117.0,0.117,1.17,1.17,1.17,94.0,98.0,120.0,312.0,312.0,4.762173923097755,606.6402927416724,568.808346549767,498.97871113591196,2448.6410855212534,5.483146419993804,-0.5920241227175569,4.844187086458595,4.917323569040005,6.0
575.002000,122.0,0.122,1.22,1.22,1.22,98.0,106.0,124.0,328.0,328.0,4.8040210325332575,702.0351248260915,632.1861053970247,560.6476222359003,2480.4792542090768,5.530561708743324,-0.6251465792883764,4.859812404361671,4.92399489830424,6.0
576.003000,116.0,0.116,1.16,1.16,1.16,100.0,90.0,112.0,302.0,302.0,4.753590179506363,600.2036228606235,537.5261095679396,467.9081986059196,2572.5138387821,5.567958780676813,-0.5687301495634878,4.882801922586371,5.014486550177236,6.0
577.004000,117.0,0.117,1.17,1.17,1.17,108.0,102.0,124.0,334.0,334.0,4.762173923097755,620.6794825536135,564.3672057807202,486.30373901609335,2244.803808472462,5.423245310062161,-0.5991856500528185,4.812184355372416,4.856383500344787,6.0
578.005000,125.0,0.125,1.25,1.25,1.25,110.0,120.0,126.0,356.0,356.0,4.828313724802301,702.303378020851,644.6314213129278,564.329200666221,2412.951601268673,5.517843104462873,-0.6731095388801132,4.852030263919617,4.931080176317581,6.0
579.000000,126.0,0.126,1.26,1.26,1.26,112.0,106.0,132.0,350.0,350.0,4.83628189435148,737.4186176948527,672.7335206365822,593.9113537320577,2550.034196102897,5.552622094817067,-0.6303346377516359,4.87519732320115,5.016829252064632,6.0
58.004000,49.0,0.049,0.49,0.49,0.49,98.0,92.0,96.0,286.0,286.0,3.891820293210626,321.8809503517804,303.99691951067956,294.77519136202966,495.2561837601951,3.8698108468220993,-0.976897631064221,3.891820298110627,3.2635770090828,1.0
580.001000,117.0,0.117,1.17,1.17,1.17,96.0,106.0,112.0,314.0,314.0,4.762173923097755,618.8568192720918,564.8889584959244,482.9892649670264,2359.4026854787103,5.496129263975894,-0.5595046103442294,4.836281906951481,4.9553069263300165,6.0
581.002000,120.0,0.12,1.2,1.2,1.2,96.0,102.0,108.0,306.0,306.0,4.787491730782044,620.2700365938642,573.1543319864033,506.37563141973226,2450.1748944713213,5.530142008480941,-0.5673919598791004,4.859812404361671,4.939618945765548,6.0
582.003000,118.0,0.118,1.18,1.18,1.18,112.0,102.0,118.0,332.0,332.0,4.770684612665663,659.6313248239136,607.22426508551,518.0427151753213,2293.6225903754976,5.459773858261594,-0.5523911313335761,4.820281565605037,4.8467296534263555,6.0
583.004000,115.0,0.115,1.15,1.15,1.15,86.0,88.0,98.0,272.0,272.0,4.744932116863252,572.0151413068786,520.5528856080603,443.7797991720173,2394.98338643881,5.501109443638474,-0.6067455711706735,4.852030263919617,4.91470976071891,6.0
584.005000,120.0,0.12,1.2,1.2,1.2,116.0,116.0,122.0,354.0,354.0,4.787491730782044,662.2107167666488,620.4666304524841,552.8226527808674,2408.6911237351233,5.4662250978111135,-0.6017705719738164,4.836281906951481,4.905707732724724,6.0
585.000000,126.0,0.126,1.26,1.26,1.26,112.0,106.0,132.0,350.0,350.0,4.83628189435148,737.4186176948527,672.7335206365822,593.9113537320577,2550.034196102897,5.552622094817067,-0.6303346377516359,4.87519732320115,5.016829252064632,6.0
586.001000,117.0,0.117,1.17,1.17,1.17,96.0,106.0,112.0,314.0,314.0,4.762173923097755,618.8568192720918,564.8889584959244,482.9892649670264,2359.4026854787103,5.496129263975894,-0.5595046103442294,4.836281906951481,4.9553069263300165,6.0
587.002000,120.0,0.12,1.2,1.2,1.2,96.0,102.0,108.0,306.0,306.0,4.787491730782044,620.2700365938642,573.1543319864033,506.37563141973226,2450.1748944713213,5.530142008480941,-0.5673919598791004,4.859812404361671,4.939618945765548,6.0
588.003000,118.0,0.118,1.18,1.18,1.18,112.0,102.0,118.0,332.0,332.0,4.770684612665663,659.6313248239136,607.22426508551,518.0427151753213,2293.6225903754976,5.459773858261594,-0.5523911313335761,4.820281565605037,4.8467296534263555,6.0
589.004000,115.0,0.115,1.15,1.15,1.15,86.0,88.0,98.0,272.0,272.0,4.744932116863252,572.0151413068786,520.5528856080603,443.7797991720173,2394.98338643881,5.501109443638474,-0.6067455711706735,4.852030263919617,4.91470976071891,6.0
59.005000,47.0,0.047,0.47,0.47,0.47,94.0,94.0,94.0,282.0,282.0,3.8501475970100585,392.0437897287446,348.9383861299307,345.2305900987717,454.89091700894966,3.815629060824772,-1.0162977415426298,3.850147601710058,3.240052310041155,1.0
590.005000,120.0,0.12,1.2,1.2,1.2,116.0,116.0,122.0,354.0,354.0,4.787491730782044,662.2107167666488,620.4666304524841,552.8226527808674,2408.6911237351233,5.4662250978111135,-0.6017705719738164,4.836281906951481,4.905707732724724,6.0
591.000000,124.0,0.124,1.24,1.24,1.24,96.0,88.0,88.0,272.0,272.0,4.820281553205036,574.0,573.1935483870966,573.1935483870966,2906.6805920000006,5.569605508787703,-0.7310472917868522,4.897839799950912,5.11188751771458,6.0
592.001000,123.0,0.123,1.23,1.23,1.23,122.0,124.0,130.0,376.0,376.0,4.812184343072419,626.419178842008,581.6259925799543,560.2149911796645,2803.8099442253124,5.542448576195218,-0.6422696911959833,4.882801922586371,5.064515835152329,6.0
593.002000,122.0,0.122,1.22,1.22,1.22,120.0,114.0,124.0,358.0,358.0,4.8040210325332575,608.6477413661394,580.4210756949129,565.3410190045213,2807.9493201488294,5.547686308151008,-0.6678236773184785,4.882801922586371,5.070726842212936,6.0
594.003000,125.0,0.125,1.25,1.25,1.25,136.0,142.0,134.0,412.0,412.0,4.828313724802301,642.1848328078867,638.8955742652728,601.2875929268398,2686.375923702764,5.5099419639531755,-0.6277635520442475,4.867534450455582,5.062266098441114,6.0
595.004000,122.0,0.122,1.22,1.22,1.22,108.0,106.0,104.0,318.0,318.0,4.8040210325332575,614.4561447540989,587.2249044146813,555.2697705033507,2681.988740608895,5.491597811459228,-0.640719254176072,4.867534450455582,5.043418053159464,6.0
596.005000,125.0,0.125,1.25,1.25,1.25,116.0,130.0,122.0,368.0,368.0,4.828313724802301,667.467445002435,636.6567467651543,634.3398082324102,2834.665220050936,5.546020095043329,-0.6779421572282622,4.890349128221754,5.057044751831211,6.0
597.000000,127.0,0.127,1.27,1.27,1.27,104.0,112.0,114.0,330.0,330.0,4.844187073758594,707.8179582642582,649.0553739226837,581.3313922225069,2609.89760295199,5.5727335142579815,-0.6305989522596165,4.890349128221754,5.017351537648343,6.0
598.001000,122.0,0.122,1.22,1.22,1.22,112.0,116.0,128.0,356.0,356.0,4.8040210325332575,691.602962276801,634.3615796561111,560.5928351162682,2489.1876922638107,5.522278762625822,-0.5976935263552461,4.859812404361671,4.937230704648517,6.0
599.002000,124.0,0.124,1.24,1.24,1.24,100.0,106.0,118.0,324.0,324.0,4.820281553205036,693.3608017519236,643.9722744391552,556.328214131502,2520.3691206241897,5.546064047120111,-0.5927924185274409,4.867534450455582,5.018427956897889,6.0
6.000000,47.0,0.047,0.47,0.47,0.47,94.0,94.0,94.0,282.0,282.0,3.8501475970100585,345.43646975577997,331.4496938658923,300.3904321230084,458.48319587770186,3.8276316362949854,-1.0830068245662017,3.850147601710058,3.220255641478542,1.0
60.000000,46.0,0.046,0.46,0.46,0.46,92.0,92.0,92.0,276.0,276.0,3.8286413918890942,455.38938929923347,406.20203876149554,405.10422411318376,449.10086399999994,3.8035042669813035,-1.1234628067136925,3.8286413964890946,3.1962220926899207,1.0
600.003000,119.0,0.119,1.19,1.19,1.19,112.0,116.0,126.0,354.0,354.0,4.779123481211528,665.130032752616,635.3919384314614,537.0242473033169,2240.400866377339,5.413391183798993,-0.5907297674059047,4.812184355372416,4.8641809034521355,6.0
601.004000,123.0,0.123,1.23,1.23,1.23,100.0,102.0,118.0,320.0,320.0,4.812184343072419,681.6316400989763,633.9249884735024,560.3783307771149,2500.2869652730897,5.505514652225859,-0.594707535229059,4.859812404361671,4.912538095427856,6.0
602.005000,122.0,0.122,1.22,1.22,1.22,114.0,122.0,124.0,360.0,360.0,4.8040210325332575,689.5696229803839,634.6822801809715,586.5841624124158,2421.4087934611043,5.468259787159506,-0.6241872773708761,4.836281906951481,4.936601193010004,6.0
603.000000,128.0,0.128,1.28,1.28,1.28,106.0,104.0,118.0,328.0,328.0,4.852030251119617,696.964417985199,590.2436934047171,580.3700136100837,2924.5114613791347,5.678597597239393,-0.6578451433858792,4.941642422609306,5.089444325068953,7.0
604.001000,129.0,0.129,1.29,1.29,1.29,92.0,88.0,102.0,282.0,282.0,4.859812391461672,644.2698375669817,560.8741448344445,547.8792734125279,2823.7328280366028,5.619764511509825,-0.6101361426650662,4.9126548857360515,5.043813101086516,7.0
605.002000,130.0,0.13,1.3,1.3,1.3,102.0,108.0,114.0,324.0,324.0,4.867534437455583,701.0175846155475,597.2579357095663,568.6321719825784,2871.878058995828,5.670153798728977,-0.6182286739067053,4.934473933130693,5.038888626151101,7.0
606.003000,126.0,0.126,1.26,1.26,1.26,112.0,116.0,124.0,352.0,352.0,4.83628189435148,711.032160593483,598.116270665505,586.756330645773,2849.344420122706,5.635241035679549,-0.5946977866731009,4.919980925828126,5.054833242008969,7.0
607.004000,124.0,0.124,1.24,1.24,1.24,108.0,112.0,112.0,332.0,332.0,4.820281553205036,663.6790931391398,564.6173640386319,541.2196718544865,2822.6432468046332,5.642901235738309,-0.6589983677508409,4.927253685157205,5.047963466448912,7.0
608.005000,128.0,0.128,1.28,1.28,1.28,108.0,106.0,128.0,342.0,342.0,4.852030251119617,726.0018688535254,614.596877852881,590.604378293594,2934.570612881526,5.667953815808721,-0.6620762345532043,4.934473933130693,5.048082327430218,7.0
609.000000,124.0,0.124,1.24,1.24,1.24,112.0,120.0,112.0,344.0,344.0,4.820281553205036,598.0,585.1935483870967,585.1935483870967,2906.6805920000006,5.569605508787703,-0.7310472917868518,4.897839799950912,5.11188751771458,6.0
61.001000,47.0,0.047,0.47,0.47,0.47,94.0,94.0,94.0,282.0,282.0,3.8501475970100585,352.4208370759011,335.5312295986114,314.34580566591296,459.6505966984732,3.8208556250891945,-1.0621094879858854,3.850147601710058,3.247034307730308,1.0
610.001000,121.0,0.121,1.21,1.21,1.21,126.0,126.0,120.0,372.0,372.0,4.79579053349674,593.0566603433055,574.249278514033,561.3882760186948,2746.3750970845235,5.523164310983697,-0.6247765599196171,4.87519732320115,5.0599829744193165,6.0
611.002000,121.0,0.121,1.21,1.21,1.21,114.0,116.0,110.0,340.0,340.0,4.79579053349674,589.7638121919122,577.5539814394288,561.9053468645266,2749.008390576571,5.530010259409633,-0.6663171651596205,4.87519732320115,5.055255027911277,6.0
612.003000,133.0,0.133,1.33,1.33,1.33,118.0,116.0,118.0,352.0,352.0,4.890349114921754,737.7245652758339,686.1111069421753,655.622974398532,2829.2716126940845,5.540685257187411,-0.6643632137621012,4.890349128221754,5.052807617096293,6.0
613.004000,122.0,0.122,1.22,1.22,1.22,108.0,110.0,100.0,318.0,318.0,4.8040210325332575,582.8946766979755,571.6938179667623,559.6738004172295,2721.0364288128058,5.504707274010472,-0.6596513433897275,4.87519732320115,5.0498370544473214,6.0
614.005000,126.0,0.126,1.26,1.26,1.26,110.0,106.0,108.0,324.0,324.0,4.83628189435148,643.8747775863217,635.6741729704181,597.3716843638946,2797.9528406806394,5.5282787178631585,-0.6763954793777689,4.882801922586371,5.055307325717806,6.0
615.000000,122.0,0.122,1.22,1.22,1.22,112.0,100.0,136.0,348.0,348.0,4.8040210325332575,719.8768598570294,631.0095665485792,579.9332457255392,2504.00693448532,5.542745707421985,-0.6222100099744496,4.867534450455582,5.026067613917509,6.0
616.001000,120.0,0.12,1.2,1.2,1.2,86.0,102.0,112.0,300.0,300.0,4.787491730782044,660.485296128308,593.0599444712989,517.7380927337264,2420.101647035972,5.5126922382098344,-0.6024570714919513,4.852030263919617,4.924515419569701,6.0
617.002000,116.0,0.116,1.16,1.16,1.16,92.0,96.0,118.0,306.0,306.0,4.753590179506363,634.4577343525954,579.5302231489478,495.21893905018044,2371.311749694664,5.496555781509278,-0.5407596061072701,4.844187086458595,4.9326540258309555,6.0
618.003000,117.0,0.117,1.17,1.17,1.17,98.0,104.0,114.0,316.0,316.0,4.762173923097755,610.6101772176974,566.3560740057366,492.845714588532,2379.806360003994,5.48193872680653,-0.5717718236089104,4.844187086458595,4.923410423023248,6.0
619.004000,116.0,0.116,1.16,1.16,1.16,96.0,102.0,104.0,302.0,302.0,4.753590179506363,589.423638889045,537.9642509955379,494.1121101154175,2451.004602004696,5.499477644467232,-0.6201215330766887,4.852030263919617,4.904980927260889,6.0
62.002000,49.0,0.049,0.49,0.49,0.49,98.0,98.0,98.0,294.0,294.0,3.891820293210626,342.6140198448389,330.2589212533919,292.3515486976877,481.41495947874427,3.8905954737832156,-0.9920289804829219,3.891820298110627,3.28271058928096,1.0
620.005000,120.0,0.12,1.2,1.2,1.2,116.0,122.0,130.0,368.0,368.0,4.787491730782044,671.3713472038817,617.535865717906,550.3427870782118,2329.299478522585,5.45468720601299,-0.5785445459987928,4.8283137373023015,4.936109479741052,6.0
621.000000,105.0,0.105,1.05,1.05,1.05,86.0,90.0,92.0,268.0,268.0,4.653960339657523,463.06050602001045,442.5509104314369,387.264774024743,2009.8688779655783,5.31497286199932,-0.5793079620698873,4.753590191106363,4.782581503711582,5.0
622.001000,105.0,0.105,1.05,1.05,1.05,88.0,84.0,94.0,266.0,266.0,4.653960339657523,459.62517639105187,444.4160918845586,384.33968410534186,1960.6967296213188,5.286674059632235,-0.5686814158629492,4.736198448394495,4.723202853517765,5.0
623.002000,102.0,0.102,1.02,1.02,1.02,86.0,82.0,96.0,264.0,264.0,4.624972803084271,458.603635935578,425.92388479608627,379.90385181735485,2155.353069060682,5.352904949649091,-0.5453365407347959,4.779123493111529,4.772938253361034,5.0
624.003000,109.0,0.109,1.09,1.09,1.09,84.0,88.0,84.0,256.0,256.0,4.691347871329143,479.419734071062,468.6981212892629,414.0472822543539,2062.3010777723134,5.307547082691196,-0.5777209560051988,4.753590191106363,4.810400970890379,5.0
625.004000,105.0,0.105,1.05,1.05,1.05,84.0,86.0,98.0,268.0,268.0,4.653960339657523,480.44402949768244,458.80785911489227,361.2814447207586,1929.0991161946922,5.33843005212924,-0.5702655497430338,4.753590191106363,4.793537469540663,5.0
626.005000,116.0,0.116,1.16,1.16,1.16,106.0,112.0,110.0,328.0,328.0,4.753590179506363,603.4257508131114,571.9119321804441,481.3864549374793,2089.7177994510553,5.346239467250896,-0.6044463347434301,4.770684624465663,4.786161706049918,5.0
627.000000,105.0,0.105,1.05,1.05,1.05,136.0,136.0,140.0,412.0,412.0,4.653960339657523,578.9690192082314,560.5188528825178,497.9597469568696,1848.2671442180067,5.093489336216492,-0.7482974293036855,4.653960350157524,4.580282026131226,4.0
628.001000,103.0,0.103,1.03,1.03,1.03,140.0,146.0,138.0,424.0,424.0,4.634728977929635,575.6424264703636,554.9660697981888,503.6050959644569,1828.8026732153041,5.087000320040319,-0.7000459084711066,4.6443908991413725,4.529788904231487,4.0
629.002000,101.0,0.101,1.01,1.01,1.01,120.0,124.0,128.0,372.0,372.0,4.615120506741261,515.923784572424,503.8674956700846,475.53545243075905,1753.1657660168669,5.054773534813251,-0.7385759223350896,4.634728988229636,4.533250333230925,4.0
63.003000,48.0,0.048,0.48,0.48,0.48,90.0,96.0,96.0,282.0,282.0,3.8712010061078903,312.1635241431065,295.43142551250804,268.32171701105216,468.49382985247223,3.859131901363505,-1.0493318394614521,3.871201010907891,3.2629121496811053,1.0
630.003000,103.0,0.103,1.03,1.03,1.03,138.0,136.0,136.0,410.0,410.0,4.634728977929635,565.2220888609803,527.6926843927192,505.4541587851354,1751.6000471196353,5.084386530573625,-0.786906071429069,4.634728988229636,4.56812614751095,4.0
631.004000,98.0,0.098,0.98,0.98,0.98,136.0,140.0,136.0,412.0,412.0,4.584967468870572,508.86947499169156,495.9449389388263,469.10395341642095,1725.8839822688312,5.0228148446933325,-0.7249053891171542,4.605170185988092,4.566464619188689,4.0
632.005000,101.0,0.101,1.01,1.01,1.01,142.0,136.0,156.0,434.0,434.0,4.615120506741261,558.2779325529535,526.6090615822413,506.3209266568844,1685.0574390721576,5.040492637200443,-0.7701514930908768,4.6151205168412615,4.5621146811944415,4.0
633.000000,116.0,0.116,1.16,1.16,1.16,98.0,100.0,106.0,304.0,304.0,4.753590179506363,609.7127389142078,551.4968220708522,496.08354246321596,2562.0323389749533,5.510516516487617,-0.6367871504446616,4.867534450455582,4.962307979796852,6.0
634.001000,118.0,0.118,1.18,1.18,1.18,94.0,94.0,100.0,288.0,288.0,4.770684612665663,619.7551876576956,576.5250002519082,492.4316764971759,2582.4190997832548,5.552535896897597,-0.6182540485802388,4.882801922586371,4.996478422410598,6.0
635.002000,117.0,0.117,1.17,1.17,1.17,98.0,90.0,106.0,294.0,294.0,4.762173923097755,619.7078950673475,569.1109610542514,486.32644302370005,2555.8813911799325,5.554927252661838,-0.6215314550427804,4.882801922586371,4.973361943324751,6.0
636.003000,116.0,0.116,1.16,1.16,1.16,100.0,88.0,108.0,296.0,296.0,4.753590179506363,595.5811752270675,563.0987628911369,483.2855791231751,2472.873011724777,5.491597932612084,-0.6238854048926461,4.859812404361671,4.891307625636247,6.0
637.004000,120.0,0.12,1.2,1.2,1.2,106.0,88.0,106.0,300.0,300.0,4.787491730782044,635.2657612294354,596.6966728437963,483.60423259343537,2523.6080720861078,5.534796139175404,-0.6299851887020784,4.882801922586371,4.967599981650503,6.0
638.005000,119.0,0.119,1.19,1.19,1.19,98.0,82.0,110.0,290.0,290.0,4.779123481211528,613.6417874722076,565.79260785395,502.88493240493483,2526.026212506752,5.4997268453327735,-0.7032664051264415,4.859812404361671,4.9008411476314375,6.0
639.000000,105.0,0.105,1.05,1.05,1.05,102.0,102.0,114.0,318.0,318.0,4.653960339657523,512.8442911947386,463.25613229193436,451.0995765133266,2362.013803322546,5.390159746506087,-0.5859185616416758,4.804021044733256,4.777036204391755,5.0
64.004000,49.0,0.049,0.49,0.49,0.49,98.0,92.0,96.0,286.0,286.0,3.891820293210626,321.8809503517804,303.99691951067956,294.77519136202966,495.2561837601951,3.8698108468220993,-0.976897631064221,3.891820298110627,3.2635770090828,1.0
640.001000,104.0,0.104,1.04,1.04,1.04,94.0,98.0,110.0,302.0,302.0,4.644390888741372,485.93629770953805,441.63070662562774,415.24068797252664,2076.27643290569,5.282116774636392,-0.46728500085581626,4.744932128363249,4.768375196701576,5.0
641.002000,102.0,0.102,1.02,1.02,1.02,92.0,96.0,104.0,292.0,292.0,4.624972803084271,461.04953956256503,453.4351754194279,409.2995987434973,2022.8606633982715,5.270746992258549,-0.44597451338745353,4.736198448394495,4.689555528584465,5.0
642.003000,108.0,0.108,1.08,1.08,1.08,106.0,106.0,122.0,334.0,334.0,4.68213121632422,546.0356904610051,474.8846940652636,456.7648006589164,2220.7223846348634,5.335055445607026,-0.5702062616470189,4.779123493111529,4.728241512881166,5.0
643.004000,107.0,0.107,1.07,1.07,1.07,98.0,98.0,116.0,312.0,312.0,4.672828823761908,539.559653546178,460.249559623473,424.11602047520887,2053.4861378930814,5.293425679498544,-0.4694920813273358,4.744932128363249,4.761376634081266,5.0
644.005000,105.0,0.105,1.05,1.05,1.05,106.0,104.0,118.0,328.0,328.0,4.653960339657523,530.9598177174922,465.82114847699785,427.29522428170037,2092.935342762262,5.322237747866958,-0.5870087341959143,4.762173934797756,4.753168953933397,5.0
645.000000,116.0,0.116,1.16,1.16,1.16,106.0,102.0,108.0,316.0,316.0,4.753590179506363,596.4520346439335,575.6319084720468,473.0539879185026,2107.9549918324806,5.363327186263974,-0.5906128218698417,4.779123493111529,4.791359077404295,5.0
646.001000,113.0,0.113,1.13,1.13,1.13,130.0,142.0,138.0,410.0,410.0,4.727387807412342,622.771351892202,601.8116787161808,524.2311286836523,2011.0183177557715,5.2708550459407455,-0.5505583862493828,4.736198448394495,4.708618762337947,5.0
647.002000,109.0,0.109,1.09,1.09,1.09,104.0,98.0,108.0,310.0,310.0,4.691347871329143,568.3491964726833,507.2142345221979,427.8494130418166,2006.5237030603998,5.328222214009251,-0.6053118899342067,4.753590191106363,4.775598671343526,5.0
648.003000,115.0,0.115,1.15,1.15,1.15,142.0,144.0,144.0,430.0,430.0,4.744932116863252,660.3600506626756,635.0932871832226,568.96405345845,2051.483474981774,5.27886606522951,-0.6322062396849377,4.744932128363249,4.7998050171286994,5.0
649.004000,109.0,0.109,1.09,1.09,1.09,104.0,116.0,112.0,332.0,332.0,4.691347871329143,557.3557876864074,536.8511570075567,437.7196608106228,1904.4225271168887,5.246029351449418,-0.5743187727795238,4.718498871295096,4.728098591432677,5.0
65.005000,47.0,0.047,0.47,0.47,0.47,94.0,94.0,94.0,282.0,282.0,3.8501475970100585,392.0437897287446,348.9383861299307,345.2305900987717,454.89091700894966,3.815629060824772,-1.0162977415426298,3.850147601710058,3.240052310041155,1.0
650.005000,104.0,0.104,1.04,1.04,1.04,90.0,98.0,98.0,286.0,286.0,4.644390888741372,461.25466635161456,452.6094329643771,367.655131453239,1953.524419762386,5.321876391468072,-0.5701500863390212,4.744932128363249,4.811925353047968,5.0
651.000000,106.0,0.106,1.06,1.06,1.06,112.0,104.0,92.0,308.0,308.0,4.663439083512067,535.56467409368,518.9583933416242,420.0995740741299,1994.9734280981656,5.294763376328975,-0.6073691745153695,4.744932128363249,4.808937229652807,5.0
652.001000,106.0,0.106,1.06,1.06,1.06,76.0,90.0,92.0,258.0,258.0,4.663439083512067,475.03375006845664,449.331427692492,377.0499165786738,1905.0837447590452,5.287701102776885,-0.5632870904392049,4.736198448394495,4.7074555333222925,5.0
653.002000,112.0,0.112,1.12,1.12,1.12,88.0,94.0,94.0,276.0,276.0,4.718498860095095,544.653057317028,525.8170169055844,450.6370686345306,2055.218504001309,5.309906707288466,-0.5865654621987444,4.753590191106363,4.773365961913704,5.0
654.003000,115.0,0.115,1.15,1.15,1.15,120.0,126.0,124.0,370.0,370.0,4.744932116863252,629.6492823171694,616.2540586350232,538.0270938304162,2134.245894557854,5.309816606888119,-0.5815265442485194,4.762173934797756,4.787631758592112,5.0
655.004000,109.0,0.109,1.09,1.09,1.09,98.0,86.0,94.0,278.0,278.0,4.691347871329143,520.6983847964735,514.1579483117341,416.11614395601265,2006.5750609852132,5.333772400689155,-0.5124731565727125,4.762173934797756,4.789844296274529,5.0
656.005000,109.0,0.109,1.09,1.09,1.09,104.0,98.0,110.0,312.0,312.0,4.691347871329143,539.6164119920244,516.9555406733302,436.23538678418697,1947.3154916358994,5.275244238120121,-0.5757728457425917,4.72738781871234,4.7435997928375935,5.0
657.000000,131.0,0.131,1.31,1.31,1.31,108.0,100.0,114.0,322.0,322.0,4.875197310101152,678.4998008996315,605.1239606683827,580.8342536991614,2979.1919704965817,5.691449522103559,-0.6333867721630955,4.948759890378168,5.118237100906322,7.0
658.001000,125.0,0.125,1.25,1.25,1.25,94.0,100.0,102.0,296.0,296.0,4.828313724802301,654.2884932724792,583.9337930104012,520.40171371712,2766.4243224612046,5.619744163778374,-0.640546466664321,4.905274778438431,5.073286971316428,7.0
659.002000,130.0,0.13,1.3,1.3,1.3,92.0,98.0,104.0,294.0,294.0,4.867534437455583,707.6455401407816,603.9647014642076,562.2666814719337,2788.802124752713,5.646877212521946,-0.6184628447487448,4.9126548857360515,5.071140620960332,7.0
66.000000,68.0,0.068,0.68,0.68,0.68,64.0,72.0,76.0,212.0,212.0,4.219507698376108,318.0,249.64309289189893,197.29808357868933,848.3016319999997,4.458596445154334,-0.5504101439613565,4.276666119016054,4.1273491643163185,2.0
660.004000,127.0,0.127,1.27,1.27,1.27,112.0,120.0,120.0,352.0,352.0,4.844187073758594,699.4856556500586,583.0040357504016,570.9276314341856,2807.9987994038356,5.639672875695351,-0.5863483419229101,4.919980925828126,5.0479318550715435,7.0
661.005000,125.0,0.125,1.25,1.25,1.25,96.0,104.0,100.0,300.0,300.0,4.828313724802301,639.9721861164838,570.6831737499912,535.6166401335256,2905.823055617224,5.650334484538661,-0.6320715970511972,4.927253685157205,5.046581697607272,7.0
662.000000,126.0,0.126,1.26,1.26,1.26,114.0,112.0,138.0,364.0,364.0,4.83628189435148,743.4984915801705,680.0938782821607,607.5028682329063,2596.238622882871,5.55790124637242,-0.6267692647960916,4.882801922586371,5.0264538810306,6.0
663.001000,121.0,0.121,1.21,1.21,1.21,118.0,108.0,116.0,342.0,342.0,4.79579053349674,663.5317678551141,612.5171968635793,545.2402914796538,2402.115649020984,5.486885961679634,-0.5915480610362551,4.836281906951481,4.9434841161137095,6.0
664.002000,126.0,0.126,1.26,1.26,1.26,116.0,112.0,142.0,370.0,370.0,4.83628189435148,765.3267708919586,670.5535032693111,603.8340115530166,2548.046761313367,5.539492653870733,-0.5688262053696795,4.87519732320115,5.01696439294882,6.0
665.003000,124.0,0.124,1.24,1.24,1.24,110.0,106.0,126.0,342.0,342.0,4.820281553205036,722.0060607525251,653.9375102013757,569.6532032396462,2497.2577981645627,5.523353334495258,-0.5960768966402679,4.867534450455582,5.009377431749157,6.0
666.004000,123.0,0.123,1.23,1.23,1.23,82.0,92.0,102.0,276.0,276.0,4.812184343072419,612.0892324397199,561.5121683022954,490.46363990839075,2421.6293607853454,5.5145327456008975,-0.6099807650729305,4.859812404361671,4.894603226228174,6.0
667.005000,120.0,0.12,1.2,1.2,1.2,108.0,106.0,122.0,336.0,336.0,4.787491730782044,674.3780933355093,619.7750577632186,525.630182234606,2401.5912042391033,5.506367314676002,-0.5969190181768225,4.852030263919617,4.917938170403881,6.0
668.000000,133.0,0.133,1.33,1.33,1.33,88.0,94.0,100.0,282.0,282.0,4.890349114921754,672.0020096208901,656.102541856019,566.5721402524148,3285.1083928229145,5.819182073532908,-0.6204363537865172,5.010635294096253,5.273197670590282,8.0
669.001000,129.0,0.129,1.29,1.29,1.29,88.0,96.0,102.0,286.0,286.0,4.859812391461672,667.3141581586672,623.0914526720596,538.4315984715986,3137.573347279966,5.7914624028013835,-0.6282344425553759,4.990432586778736,5.208343936259706,8.0
67.001000,65.0,0.065,0.65,0.65,0.65,72.0,76.0,84.0,232.0,232.0,4.174387263395637,305.71169567719835,246.9894326643356,194.7450255046198,794.2554515342961,4.423589442239215,-0.5203629355522841,4.2484952420493585,4.085801338853887,2.0
670.002000,136.0,0.136,1.36,1.36,1.36,94.0,108.0,120.0,322.0,322.0,4.912654872136052,746.7205179998793,644.4663500145023,612.6072496326774,3147.0907819427257,5.786130938454748,-0.6082635992569561,4.990432586778736,5.195591321418482,8.0
671.003000,129.0,0.129,1.29,1.29,1.29,82.0,94.0,90.0,266.0,266.0,4.859812391461672,639.4870202775923,602.9081646196248,518.1939623896042,3218.0082884561143,5.788696118322401,-0.6111963854410396,4.997212273764116,5.175523615377455,8.0
672.004000,134.0,0.134,1.34,1.34,1.34,84.0,92.0,96.0,272.0,272.0,4.897839786550913,690.9688348664511,644.4649105275154,543.4617769940926,3138.3774106057836,5.778151269989493,-0.6156257752057357,4.997212273764116,5.179861400504902,8.0
673.005000,136.0,0.136,1.36,1.36,1.36,88.0,88.0,100.0,276.0,276.0,4.912654872136052,688.0340948694605,648.1674971336386,570.5778197616066,3253.04658445807,5.802775081658046,-0.6416029104891021,5.010635294096253,5.267172207819357,8.0
674.000000,131.0,0.131,1.31,1.31,1.31,110.0,136.0,110.0,356.0,356.0,4.875197310101152,789.8097531040648,671.4345993361375,655.0915254223931,3345.4798974453233,5.820586197541683,-0.7495403051080349,5.003946305945462,5.16841983544559,8.0
675.001000,136.0,0.136,1.36,1.36,1.36,94.0,98.0,108.0,300.0,300.0,4.912654872136052,723.8533597731969,675.7924662802415,635.2218210053858,3322.7805397082193,5.813980066548706,-0.6850480820280351,4.997212273764116,5.198565255491455,8.0
676.002000,133.0,0.133,1.33,1.33,1.33,98.0,118.0,114.0,330.0,330.0,4.890349114921754,781.21826485385,676.9477392330714,644.8114395221013,3280.024340623466,5.801272626446616,-0.7232549530370194,4.997212273764116,5.184576004661816,8.0
677.003000,132.0,0.132,1.32,1.32,1.32,104.0,116.0,122.0,342.0,342.0,4.88280190938637,748.2367946325642,665.9714277122229,619.291777655213,3120.682018833728,5.779181145382931,-0.7204870308892488,4.983606621708337,5.192665596255427,8.0
678.004000,137.0,0.137,1.37,1.37,1.37,102.0,120.0,102.0,324.0,324.0,4.919980912128125,764.3977183630398,713.5669681474269,634.3856784530373,3062.056029473038,5.757809296380116,-0.7001770475582982,4.976733742420574,5.203529098393482,8.0
679.005000,136.0,0.136,1.36,1.36,1.36,104.0,122.0,112.0,338.0,338.0,4.912654872136052,814.3789688735761,739.8084663567383,657.547858887332,3101.0686219142062,5.765165121614333,-0.7125585684995528,4.983606621708337,5.203438038125684,8.0
68.002000,68.0,0.068,0.68,0.68,0.68,80.0,92.0,98.0,270.0,270.0,4.219507698376108,327.2768262536118,285.6622474574838,232.64916158302205,851.7715270875273,4.478252417045374,-0.550802816867848,4.276666119016054,4.122248486207725,2.0
680.000000,133.0,0.133,1.33,1.33,1.33,84.0,104.0,106.0,294.0,294.0,4.890349114921754,756.8993713325091,636.3109688873274,621.9174793290359,3277.6392244492863,5.842364136077691,-0.6392446399981413,5.010635294096253,5.30675419732662,8.0
681.001000,132.0,0.132,1.32,1.32,1.32,94.0,112.0,112.0,318.0,318.0,4.88280190938637,699.9885765864269,662.5752285690387,611.1786190869589,3064.5465542354623,5.773053305985165,-0.5955749922500337,4.976733742420574,5.215094382936964,8.0
682.002000,133.0,0.133,1.33,1.33,1.33,86.0,96.0,106.0,288.0,288.0,4.890349114921754,718.589668304675,605.6723472580398,601.4823453395413,3183.393503454201,5.80350716664583,-0.6695793418468514,4.983606621708337,5.238714265868471,8.0
683.003000,132.0,0.132,1.32,1.32,1.32,86.0,98.0,104.0,288.0,288.0,4.88280190938637,702.4791137136028,607.5749057136316,590.7035563303413,3033.906899564067,5.751311662029097,-0.559985142491985,4.955827057601261,5.188513197750933,8.0
684.004000,132.0,0.132,1.32,1.32,1.32,92.0,100.0,104.0,296.0,296.0,4.88280190938637,721.4416045453838,623.9732457984003,591.2366648077307,3146.084571122187,5.77460432062359,-0.6065599968576194,4.983606621708337,5.220237763655072,8.0
685.005000,132.0,0.132,1.32,1.32,1.32,92.0,102.0,108.0,302.0,302.0,4.88280190938637,714.8065354545823,619.1112920050338,595.097324055535,3182.0325445984818,5.777171961103276,-0.6104474571278207,4.983606621708337,5.219787347483642,8.0
686.000000,136.0,0.136,1.36,1.36,1.36,98.0,114.0,114.0,326.0,326.0,4.912654872136052,787.6923144301537,675.3681317686955,639.9542596835039,3340.526181075445,5.820412034926929,-0.748888971531108,5.003946305945462,5.154685814006861,8.0
687.001000,138.0,0.138,1.38,1.38,1.38,96.0,102.0,104.0,302.0,302.0,4.927253671357204,711.303084700441,671.3600709173766,668.264380614066,3342.976691482907,5.799102194431936,-0.7172981016493312,4.997212273764116,5.18435145651542,8.0
688.002000,138.0,0.138,1.38,1.38,1.38,114.0,120.0,108.0,342.0,342.0,4.927253671357204,789.1947140097934,731.5298312998367,682.2319764295003,3197.4182718997217,5.794408068027535,-0.7156059291155694,4.990432586778736,5.199160827339642,8.0
689.003000,136.0,0.136,1.36,1.36,1.36,100.0,124.0,106.0,330.0,330.0,4.912654872136052,796.039764283891,696.7060924774233,659.1070844151568,3311.9561237496396,5.810892869457456,-0.7060066623133068,5.003946305945462,5.1827193022275795,8.0
69.003000,70.0,0.07,0.7,0.7,0.7,80.0,88.0,98.0,266.0,266.0,4.248495235049358,342.4217815479443,295.309734890709,249.72562641848975,851.300866798269,4.469570430785944,-0.588859784409479,4.276666119016054,4.1042946521153265,2.0
690.004000,130.0,0.13,1.3,1.3,1.3,106.0,120.0,100.0,326.0,326.0,4.867534437455583,718.1142020805297,646.3214845269554,590.4720057002071,3182.5494140694564,5.774342840096369,-0.675799098849573,4.990432586778736,5.18807762477909,8.0
691.005000,140.0,0.14,1.4,1.4,1.4,94.0,120.0,108.0,322.0,322.0,4.9416424086093045,824.5049224271997,726.7697113432347,670.1825090867086,3236.991151654022,5.795559228318604,-0.6952643533016647,5.003946305945462,5.166854993148374,8.0
692.000000,135.0,0.135,1.35,1.35,1.35,100.0,130.0,116.0,346.0,346.0,4.90527476493843,817.5349545274012,707.4351392225288,656.6595358796995,3280.2743659713615,5.832771348144582,-0.7453793897721002,5.010635294096253,5.265821297312675,8.0
693.001000,131.0,0.131,1.31,1.31,1.31,104.0,122.0,106.0,332.0,332.0,4.875197310101152,756.7987036468674,675.9094869573055,631.6582216095682,3220.1945649857175,5.780429882247268,-0.7189764245972414,4.983606621708337,5.218336355291634,8.0
694.002000,140.0,0.14,1.4,1.4,1.4,102.0,112.0,112.0,326.0,326.0,4.9416424086093045,789.8866019851575,704.646107158465,666.0244337135206,3285.2043155804986,5.826933018100339,-0.7516758865948958,5.010635294096253,5.275391133017036,8.0
695.003000,134.0,0.134,1.34,1.34,1.34,106.0,116.0,118.0,340.0,340.0,4.897839786550913,767.1271714919463,678.1577086967633,643.0434780202454,3130.4324575871137,5.773677485515858,-0.7693424889774718,4.976733742420574,5.219600563638705,8.0
696.004000,130.0,0.13,1.3,1.3,1.3,104.0,122.0,114.0,340.0,340.0,4.867534437455583,742.4462328551994,673.5805695780806,636.6962744897971,3259.9482274641823,5.787942471253044,-0.7201635285174448,4.990432586778736,5.191809864563214,8.0
697.005000,139.0,0.139,1.39,1.39,1.39,116.0,126.0,126.0,368.0,368.0,4.934473919230692,819.8069761476606,731.9159144113472,704.7663180740857,3167.156510041442,5.784537255172046,-0.7232799947136694,4.997212273764116,5.171074000259221,8.0
698.000000,142.0,0.142,1.42,1.42,1.42,116.0,140.0,116.0,372.0,372.0,4.9558270434012615,886.3469260965435,799.3009612274008,743.0,3330.831408000001,5.830420516526715,-0.7458615503376005,5.010635294096253,5.289615166545102,8.0
699.001000,136.0,0.136,1.36,1.36,1.36,104.0,126.0,112.0,342.0,342.0,4.912654872136052,786.1016987657272,707.6709912379245,665.1537805845838,3127.8347535084017,5.758319573381719,-0.7102360796469802,4.976733742420574,5.2040464087971,8.0
7.001000,46.0,0.046,0.46,0.46,0.46,88.0,84.0,90.0,262.0,262.0,3.8286413918890942,267.3899977858938,254.91712186605378,222.60592382631322,436.36101331892434,3.7879892301965428,-1.1305372185646079,3.8286413964890946,3.2309979570375478,1.0
70.004000,67.0,0.067,0.67,0.67,0.67,50.0,72.0,62.0,184.0,184.0,4.204692612690966,274.62254696092845,225.81252033986144,177.95299240070256,840.3977036137643,4.449412218288891,-0.5652783383794717,4.276666119016054,4.097380583996436,2.0
700.002000,134.0,0.134,1.34,1.34,1.34,112.0,126.0,102.0,340.0,340.0,4.897839786550913,793.2395378536011,710.9983263648969,668.5531805576218,3229.70287380187,5.794516457591664,-0.7322004192128291,4.990432586778736,5.193901432601995,8.0
701.003000,140.0,0.14,1.4,1.4,1.4,114.0,128.0,132.0,374.0,374.0,4.9416424086093045,828.8020949515032,750.8149043326436,718.4401435729961,3197.5234562751143,5.7793611004042935,-0.7260807390122088,4.976733742420574,5.2228692074012555,8.0
702.004000,134.0,0.134,1.34,1.34,1.34,100.0,124.0,120.0,344.0,344.0,4.897839786550913,801.3066596596432,702.6268656716416,664.3202060119984,3253.9779649644856,5.7909345742442255,-0.7289935777897747,4.997212273764116,5.183703257133751,8.0
703.005000,139.0,0.139,1.39,1.39,1.39,102.0,120.0,106.0,328.0,328.0,4.934473919230692,819.3589325629999,708.1934910079904,668.0446987311682,3215.557514553115,5.804740181077241,-0.7108118152967791,4.997212273764116,5.188080105338062,8.0
704.000000,160.0,0.16,1.6,1.6,1.6,114.0,120.0,108.0,342.0,342.0,5.075173799233826,901.462289619446,880.0457973784797,865.9169130020734,4601.4152635060245,6.175330575496947,-0.6676324321963301,5.170483995038152,5.663137838428972,12.0
705.001000,161.0,0.161,1.61,1.61,1.61,136.0,150.0,154.0,440.0,440.0,5.081404348884462,1003.1833546099049,945.7731276517387,924.3105984836978,4428.358181730777,6.144908270733003,-0.6156760434232611,5.153291594497778,5.576339212063051,12.0
706.002000,152.0,0.152,1.52,1.52,1.52,90.0,104.0,104.0,298.0,298.0,5.023880505646275,816.7580264472529,773.5853431419666,769.3671567265696,4538.743826222957,6.16805811648099,-0.6295492372970681,5.1647859739235145,5.648211277832642,12.0
707.003000,154.0,0.154,1.54,1.54,1.54,144.0,152.0,152.0,448.0,448.0,5.03695258701363,903.372463132383,880.8571158206703,806.1470444235705,4526.664029330127,6.152244135263575,-0.626665194730696,5.1647859739235145,5.634073512487773,12.0
708.004000,158.0,0.158,1.58,1.58,1.58,108.0,104.0,116.0,328.0,328.0,5.062595017226968,861.03056730224,851.5044453705897,816.161189858816,4481.471273261263,6.144590214151885,-0.6378107733499649,5.159055299214527,5.562661445348881,12.0
709.005000,158.0,0.158,1.58,1.58,1.58,106.0,104.0,104.0,314.0,314.0,5.062595017226968,843.573951636635,824.6292764990468,808.7587971807742,4484.5062575660895,6.151322817230305,-0.6386590334142146,5.1647859739235145,5.632225359428219,12.0
71.005000,72.0,0.072,0.72,0.72,0.72,80.0,88.0,94.0,262.0,262.0,4.276666111816056,367.269487665402,313.1320944861058,251.48730673738112,840.5978681008095,4.449868415583591,-0.5882982917257897,4.276666119016054,4.10393171992755,2.0
710.000000,145.0,0.145,1.45,1.45,1.45,114.0,128.0,118.0,360.0,360.0,4.976733727920575,847.918595142513,780.3938701437728,716.8461554033695,3287.1793114317693,5.828033118971537,-0.7422051843703965,5.010635294096253,5.268089829654844,8.0
711.001000,136.0,0.136,1.36,1.36,1.36,102.0,124.0,118.0,344.0,344.0,4.912654872136052,795.8482228270091,704.5662898241096,667.2031344077044,3230.15347157181,5.800179965891713,-0.685245235885771,4.990432586778736,5.196853207998901,8.0
712.002000,134.0,0.134,1.34,1.34,1.34,94.0,98.0,108.0,300.0,300.0,4.897839786550913,727.4570343061152,650.1393875276203,615.9259662259664,3389.731140878389,5.824459967670352,-0.7359684085239855,5.003946305945462,5.190944039540442,8.0
713.003000,136.0,0.136,1.36,1.36,1.36,100.0,116.0,114.0,330.0,330.0,4.912654872136052,783.3406529245605,677.8189294334367,666.6639470537684,3194.8547861056213,5.778362113070446,-0.7050986797609973,4.983606621708337,5.201564058702916,8.0
714.004000,136.0,0.136,1.36,1.36,1.36,96.0,120.0,122.0,338.0,338.0,4.912654872136052,782.2898409962986,687.1261417729904,650.4222525248291,3270.653399116109,5.831175798318353,-0.7350068276067816,5.017279836814925,5.261007451341171,8.0
715.005000,133.0,0.133,1.33,1.33,1.33,108.0,134.0,112.0,354.0,354.0,4.890349114921754,804.8098076467447,707.9305261626461,658.598012055271,3251.966875538521,5.793865141749037,-0.729885495985831,4.990432586778736,5.1961154309418145,8.0
716.000000,135.0,0.135,1.35,1.35,1.35,98.0,128.0,118.0,344.0,344.0,4.90527476493843,815.1747915164009,710.443757436542,664.722191787798,3301.2683036554363,5.818474786653437,-0.7475939609974858,5.003946305945462,5.167885450405382,8.0
717.001000,134.0,0.134,1.34,1.34,1.34,104.0,114.0,116.0,334.0,334.0,4.897839786550913,754.884058179259,682.7615588106163,630.57826360714,3095.8398779559716,5.760614412819281,-0.7057073909505087,4.969813299576,5.1257498997133,8.0
718.002000,134.0,0.134,1.34,1.34,1.34,104.0,120.0,102.0,326.0,326.0,4.897839786550913,775.4520889459205,702.9387377401006,649.9375315229346,3234.202516576282,5.815967941238107,-0.726839432437008,4.997212273764116,5.203129431219759,8.0
719.003000,138.0,0.138,1.38,1.38,1.38,112.0,120.0,130.0,362.0,362.0,4.927253671357204,791.5212479227878,729.5786176139706,684.2044822893284,3133.3914839722916,5.763893547885417,-0.6828194032953174,4.976733742420574,5.214285302081519,8.0
72.000000,47.0,0.047,0.47,0.47,0.47,94.0,94.0,94.0,282.0,282.0,3.8501475970100585,345.4364697557802,331.4496938658926,300.39043212300845,458.483195877702,3.8276316362949867,-1.0830068245661981,3.850147601710058,3.2202556414785426,1.0
720.004000,133.0,0.133,1.33,1.33,1.33,96.0,112.0,114.0,322.0,322.0,4.890349114921754,787.1176971875856,689.8302382146088,626.1498089587081,3224.574609343106,5.804153460930335,-0.7295649564455986,5.003946305945462,5.172061670232046,8.0
721.005000,142.0,0.142,1.42,1.42,1.42,96.0,118.0,108.0,322.0,322.0,4.9558270434012615,821.9807426933684,742.2028927349887,676.6332659800938,3196.872294929566,5.806847254880342,-0.7128302368115027,5.003946305945462,5.161652891250907,8.0
722.000000,132.0,0.132,1.32,1.32,1.32,94.0,134.0,110.0,338.0,338.0,4.88280190938637,804.6199617902652,689.7236084925886,654.6715812322981,3298.8209331748417,5.823396767898787,-0.7525589141633278,5.003946305945462,5.173176813836576,8.0
723.001000,141.0,0.141,1.41,1.41,1.41,132.0,134.0,142.0,408.0,408.0,4.948759876278167,892.4680738191464,799.7685670831811,766.6286073246227,3181.3375141123606,5.768176698065773,-0.6975528933776647,4.969813299576,5.144796942808586,8.0
724.002000,138.0,0.138,1.38,1.38,1.38,104.0,120.0,126.0,350.0,350.0,4.927253671357204,817.0368198814057,750.6948238875502,674.6741533324933,3242.235390620856,5.83180639272909,-0.6963434377030251,5.003946305945462,5.191846663360228,8.0
725.003000,132.0,0.132,1.32,1.32,1.32,100.0,116.0,110.0,326.0,326.0,4.88280190938637,734.3750350375473,665.1722712967664,632.9223906353831,3124.0539119521477,5.7616377619118815,-0.7269982127219619,4.969813299576,5.146619809895238,8.0
726.004000,138.0,0.138,1.38,1.38,1.38,100.0,124.0,108.0,332.0,332.0,4.927253671357204,785.7111765604536,730.0499633020545,659.0504543403899,3106.4692671800126,5.758928227254739,-0.7133854237372264,4.983606621708337,5.1872022719642645,8.0
727.005000,138.0,0.138,1.38,1.38,1.38,94.0,114.0,106.0,314.0,314.0,4.927253671357204,763.5903486051598,672.5692919182568,662.7099246939747,3345.0937860004774,5.808489243842198,-0.7260609963854492,5.003946305945462,5.181168182433794,8.0
728.000000,137.0,0.137,1.37,1.37,1.37,98.0,102.0,108.0,308.0,308.0,4.919980912128125,741.4750654146414,680.5718243314017,658.2450810568761,3374.5897490546176,5.822449016641114,-0.7498641587362012,5.003946305945462,5.1597114971446985,8.0
729.001000,132.0,0.132,1.32,1.32,1.32,98.0,136.0,116.0,350.0,350.0,4.88280190938637,794.1791363508567,703.2396547245582,644.2175725609483,3144.6366592522004,5.785147732896218,-0.7377749886869354,4.983606621708337,5.207675070572653,8.0
73.001000,47.0,0.047,0.47,0.47,0.47,90.0,88.0,82.0,260.0,260.0,3.8501475970100585,304.31725229070076,256.1197729677771,252.83957048620283,469.71627418851523,3.827877304730527,-1.0023445065485153,3.850147601710058,3.254265893806214,1.0
730.002000,138.0,0.138,1.38,1.38,1.38,98.0,114.0,106.0,318.0,318.0,4.927253671357204,807.2355311188654,741.3692753208916,661.685048632707,3227.7230430538675,5.826568107272011,-0.73789732760225,5.003946305945462,5.181887697270941,8.0
731.003000,132.0,0.132,1.32,1.32,1.32,106.0,124.0,114.0,344.0,344.0,4.88280190938637,768.8266130415169,693.969462049211,646.6887733941206,3219.5615261840503,5.78402536287565,-0.684163935719285,4.990432586778736,5.192660190645137,8.0
732.004000,133.0,0.133,1.33,1.33,1.33,94.0,118.0,108.0,320.0,320.0,4.890349114921754,768.5214837313267,704.1759705943421,630.3100644713238,3116.913392931603,5.7762597575304016,-0.765974665126941,4.983606621708337,5.198072656478457,8.0
733.005000,137.0,0.137,1.37,1.37,1.37,102.0,118.0,120.0,340.0,340.0,4.919980912128125,771.6423024912237,705.1459638394559,692.058448997787,3181.74824993117,5.761428889592888,-0.714928307892789,4.976733742420574,5.199955195421365,8.0
734.000000,137.0,0.137,1.37,1.37,1.37,98.0,102.0,108.0,308.0,308.0,4.919980912128125,741.4750654146414,680.5718243314017,658.2450810568761,3374.589749054616,5.822449016641113,-0.7498641587362007,5.003946305945462,5.1597114971446985,8.0
735.001000,139.0,0.139,1.39,1.39,1.39,110.0,130.0,114.0,354.0,354.0,4.934473919230692,799.1865170424119,756.8925289477529,656.3526086860943,3149.042946664865,5.792294885269135,-0.7001075524520068,4.990432586778736,5.182675718853203,8.0
736.002000,132.0,0.132,1.32,1.32,1.32,92.0,110.0,106.0,308.0,308.0,4.88280190938637,720.1735110512313,653.1437685489993,632.2281749452238,3273.808982577707,5.815107326413955,-0.7274619026737446,4.997212273764116,5.1970944915894846,8.0
737.003000,136.0,0.136,1.36,1.36,1.36,126.0,144.0,128.0,398.0,398.0,4.912654872136052,815.0130140293428,767.161814321746,709.2663481194986,3091.7617286144946,5.74217145065436,-0.6829295741159376,4.969813299576,5.137662395747169,8.0
738.004000,136.0,0.136,1.36,1.36,1.36,102.0,124.0,112.0,338.0,338.0,4.912654872136052,809.085435003131,730.0864049501932,652.0928659290291,3167.60236359075,5.780976960409977,-0.7242038207374493,4.990432586778736,5.186088846727956,8.0
739.005000,131.0,0.131,1.31,1.31,1.31,100.0,120.0,106.0,326.0,326.0,4.875197310101152,741.5814229142152,676.750299971083,642.1262923818774,3288.568340650424,5.785304346424165,-0.7033161203573615,4.990432586778736,5.189429849399985,8.0
74.002000,45.0,0.045,0.45,0.45,0.45,82.0,82.0,84.0,248.0,248.0,3.8066624852703197,265.21366211612474,257.35356119915957,236.36611001804914,436.1242269412893,3.7806033972261894,-1.1213535407876305,3.8066624897703196,3.2164736391295294,1.0
740.000000,151.0,0.151,1.51,1.51,1.51,116.0,124.0,120.0,360.0,360.0,5.017279821714925,845.468819258829,786.3324112750944,766.2649946316395,4088.100981159934,6.0372145804445205,-0.48234362176917367,5.1179938124167546,5.447732905406442,10.0
741.001000,148.0,0.148,1.48,1.48,1.48,108.0,108.0,122.0,338.0,338.0,4.997212258964115,788.3796784832364,748.2173124734408,724.6057117460263,4162.520222688694,6.037924794676956,-0.4488312578934077,5.12396397940326,5.450468266554582,10.0
742.002000,150.0,0.15,1.5,1.5,1.5,112.0,120.0,132.0,364.0,364.0,5.010635279096256,863.2606595097146,819.7865347350333,737.4061390885855,4088.6194241393005,6.023664899695259,-0.5521984254598977,5.1179938124167546,5.451667375686373,10.0
743.003000,147.0,0.147,1.47,1.47,1.47,138.0,128.0,142.0,408.0,408.0,4.990432572078737,846.4209256345463,769.8750233774367,743.7856836410779,3840.274857153129,5.977891403641784,-0.5562760464637826,5.087596335232383,5.406183701289352,10.0
744.004000,151.0,0.151,1.51,1.51,1.51,112.0,118.0,120.0,350.0,350.0,5.017279821714925,812.4684329719274,775.3796296718905,758.0592221243941,4218.048442660461,6.056663096056042,-0.5312456208143268,5.13579843705026,5.540787464464346,10.0
745.005000,151.0,0.151,1.51,1.51,1.51,96.0,106.0,98.0,300.0,300.0,5.017279821714925,805.9776415722887,768.3373301117291,715.7512534815455,3954.8148753029377,6.015604165569489,-0.5486906381669585,5.10594547390058,5.464438784252916,10.0
746.000000,132.0,0.132,1.32,1.32,1.32,94.0,134.0,110.0,338.0,338.0,4.88280190938637,804.6199617902652,689.7236084925886,654.6715812322981,3298.8209331748417,5.823396767898787,-0.7525589141633278,5.003946305945462,5.173176813836576,8.0
747.001000,141.0,0.141,1.41,1.41,1.41,132.0,134.0,142.0,408.0,408.0,4.948759876278167,892.4680738191464,799.7685670831811,766.6286073246227,3181.3375141123606,5.768176698065773,-0.6975528933776647,4.969813299576,5.144796942808586,8.0
748.002000,138.0,0.138,1.38,1.38,1.38,104.0,120.0,126.0,350.0,350.0,4.927253671357204,817.0368198814057,750.6948238875502,674.6741533324933,3242.235390620856,5.83180639272909,-0.6963434377030251,5.003946305945462,5.191846663360228,8.0
749.003000,132.0,0.132,1.32,1.32,1.32,100.0,116.0,110.0,326.0,326.0,4.88280190938637,734.3750350375473,665.1722712967664,632.9223906353831,3124.0539119521477,5.7616377619118815,-0.7269982127219619,4.969813299576,5.146619809895238,8.0
75.003000,47.0,0.047,0.47,0.47,0.47,94.0,94.0,94.0,282.0,282.0,3.8501475970100585,332.21207748438457,313.151925680015,297.01897555900496,458.6672766318921,3.816963281766414,-1.0564667122143576,3.850147601710058,3.250506836158512,1.0
750.004000,138.0,0.138,1.38,1.38,1.38,100.0,124.0,108.0,332.0,332.0,4.927253671357204,785.7111765604536,730.0499633020545,659.0504543403899,3106.4692671800126,5.758928227254739,-0.7133854237372264,4.983606621708337,5.1872022719642645,8.0
751.005000,138.0,0.138,1.38,1.38,1.38,94.0,114.0,106.0,314.0,314.0,4.927253671357204,763.5903486051598,672.5692919182568,662.7099246939747,3345.0937860004774,5.808489243842198,-0.7260609963854492,5.003946305945462,5.181168182433794,8.0
752.000000,145.0,0.145,1.45,1.45,1.45,82.0,92.0,102.0,276.0,276.0,4.976733727920575,760.3262693483978,707.2834199570381,672.5558279359433,3722.478229203298,5.9579882959278425,-0.7401945449448744,5.0689042022202315,5.2912657281479225,9.0
753.001000,142.0,0.142,1.42,1.42,1.42,100.0,94.0,112.0,306.0,306.0,4.9558270434012615,741.9325488137731,700.7944554480327,681.0617281325602,3549.130188843047,5.902167610352205,-0.6909153653307594,5.0369526024136295,5.270952761788468,9.0
754.002000,151.0,0.151,1.51,1.51,1.51,102.0,104.0,108.0,314.0,314.0,5.017279821714925,811.2886714909158,774.5055837812306,751.2123672444098,3663.0669984007723,5.958395322743644,-0.6926897260144047,5.062595033026966,5.336090123308465,9.0
755.003000,151.0,0.151,1.51,1.51,1.51,110.0,122.0,120.0,352.0,352.0,5.017279821714925,858.242923542967,807.4073430134382,793.051720198561,3622.261235393081,5.914826564531306,-0.7410708506756856,5.043425116919245,5.361135694009978,9.0
756.004000,153.0,0.153,1.53,1.53,1.53,140.0,128.0,130.0,398.0,398.0,5.030437906092434,902.7745625244818,850.6379704291066,834.8227611640582,3658.041317118146,5.902829410347325,-0.7080372611305985,5.049856007249538,5.329890500680538,9.0
757.005000,150.0,0.15,1.5,1.5,1.5,104.0,114.0,118.0,336.0,336.0,5.010635279096256,844.1250778049862,801.6951719381824,738.7130835901647,3627.107338076389,5.90748211883866,-0.7074530169224995,5.049856007249538,5.348544081872037,9.0
758.000000,142.0,0.142,1.42,1.42,1.42,94.0,120.0,116.0,330.0,330.0,4.9558270434012615,874.7731327680268,778.8203346631012,710.7023072167592,3723.7946640000014,6.073176081720139,-0.6915785271922776,5.099866427824199,5.389966833396902,10.0
759.001000,138.0,0.138,1.38,1.38,1.38,88.0,102.0,98.0,288.0,288.0,4.927253671357204,744.2003849262336,689.3238992971933,609.287309979472,3578.1945780092137,6.020285681893048,-0.6500548890619249,5.0751738152338275,5.452766430361686,10.0
76.004000,48.0,0.048,0.48,0.48,0.48,84.0,96.0,88.0,268.0,268.0,3.8712010061078903,292.06640902129755,257.97193947411074,253.91998483792494,461.168481465821,3.8456977538287576,-1.005950648897768,3.871201010907891,3.254961127554015,1.0
760.002000,142.0,0.142,1.42,1.42,1.42,96.0,120.0,122.0,338.0,338.0,4.9558270434012615,875.4043790072672,779.2717556476116,710.25344280991,3741.6476648977346,6.077176894413852,-0.6765510088373627,5.099866427824199,5.410438230739611,10.0
761.003000,153.0,0.153,1.53,1.53,1.53,102.0,110.0,106.0,318.0,318.0,5.030437906092434,932.363480465099,862.6385941272421,762.3574025318425,3745.7224911012327,6.077539646558761,-0.678436765329065,5.099866427824199,5.423044746968119,10.0
762.004000,143.0,0.143,1.43,1.43,1.43,102.0,118.0,122.0,342.0,342.0,4.962844615959905,865.8405880811093,754.1804199626879,698.3006702778813,3711.574078488115,6.053997313336791,-0.6630724340939471,5.093750200806762,5.418914897562912,10.0
763.005000,146.0,0.146,1.46,1.46,1.46,96.0,102.0,98.0,296.0,296.0,4.983606607108338,873.2530963607237,757.1136081479149,708.1127475461559,3696.2072894222133,6.02843690892053,-0.6626784989147194,5.087596335232383,5.413958551096277,10.0
764.000000,134.0,0.134,1.34,1.34,1.34,106.0,132.0,108.0,346.0,346.0,4.897839786550913,820.678008966791,726.7734917419816,648.6231261568989,3264.9535322413863,5.81052947702482,-0.7550061454494648,4.997212273764116,5.176376837928385,8.0
765.001000,136.0,0.136,1.36,1.36,1.36,100.0,118.0,102.0,320.0,320.0,4.912654872136052,784.3927156540392,714.0996597530302,660.7723304752841,3161.6216732633616,5.76856055273886,-0.7435814829960727,4.976733742420574,5.207446229052475,8.0
766.002000,140.0,0.14,1.4,1.4,1.4,104.0,120.0,124.0,348.0,348.0,4.9416424086093045,788.1143081918366,722.5928267657373,691.1642936138552,3263.287974636503,5.831355752008487,-0.7152543914022575,5.003946305945462,5.195811171641971,8.0
767.003000,135.0,0.135,1.35,1.35,1.35,102.0,134.0,114.0,350.0,350.0,4.90527476493843,819.3342356117225,702.1596615232972,668.6394361983142,3277.2590514037493,5.8209952637061715,-0.7425540741402625,5.003946305945462,5.1816071153638585,8.0
768.004000,134.0,0.134,1.34,1.34,1.34,100.0,112.0,106.0,318.0,318.0,4.897839786550913,763.1138192489916,661.096479325644,639.8643282910358,3137.4727815912106,5.751671220842543,-0.7374191739799136,4.969813299576,5.1324350773928185,8.0
769.005000,139.0,0.139,1.39,1.39,1.39,108.0,122.0,110.0,340.0,340.0,4.934473919230692,789.000528511437,709.4047795014643,657.3069222029264,3206.29835880406,5.789519631754938,-0.7316020466898179,4.990432586778736,5.189509562804715,8.0
77.005000,50.0,0.05,0.5,0.5,0.5,100.0,100.0,100.0,300.0,300.0,3.9120230004281464,442.84497146316454,417.63106163533274,390.4839669015025,498.9071133718301,3.897635577142677,-0.9885352738614452,3.9120230054281455,3.4261848869911957,1.0
770.000000,132.0,0.132,1.32,1.32,1.32,94.0,120.0,112.0,326.0,326.0,4.88280190938637,781.1676647663579,677.978407419298,638.5963520567683,3302.941439552527,5.818373247906185,-0.7486019418556626,5.003946305945462,5.155065404215448,8.0
771.001000,135.0,0.135,1.35,1.35,1.35,96.0,116.0,110.0,322.0,322.0,4.90527476493843,772.8431229436337,683.048419915439,654.4788275112977,3284.7226623443357,5.814267952944606,-0.7110315135409548,5.003946305945462,5.185477035031418,8.0
772.002000,144.0,0.144,1.44,1.44,1.44,102.0,120.0,114.0,336.0,336.0,4.969813285176,820.6547666867036,744.5830341678429,702.6371991454541,3291.9544923199483,5.830898105374626,-0.7020042667707274,5.003946305945462,5.186695594352423,8.0
773.003000,136.0,0.136,1.36,1.36,1.36,100.0,126.0,116.0,342.0,342.0,4.912654872136052,821.9473648225363,740.8939524659227,672.7910356527177,3169.5951876962613,5.793098471883853,-0.7270269286360969,4.990432586778736,5.193148409613047,8.0
774.004000,132.0,0.132,1.32,1.32,1.32,100.0,130.0,114.0,344.0,344.0,4.88280190938637,783.2867307814179,711.4879126083283,627.013235398133,3167.7087566568025,5.791150075465444,-0.698585837481823,4.997212273764116,5.171046083230666,8.0
775.005000,130.0,0.13,1.3,1.3,1.3,102.0,136.0,118.0,356.0,356.0,4.867534437455583,783.128393348921,686.6938967331523,640.5315560717723,3186.255219572577,5.7571912703081125,-0.6834739499655584,4.983606621708337,5.193119715341719,8.0
776.000000,156.0,0.156,1.56,1.56,1.56,136.0,142.0,146.0,424.0,424.0,5.049855991649537,977.7999265718498,875.4752011168999,851.4941030804819,3643.1732765338857,5.932593862009756,-0.6263905334242272,5.062595033026966,5.319455586701203,9.0
777.001000,144.0,0.144,1.44,1.44,1.44,108.0,114.0,132.0,354.0,354.0,4.969813285176,836.7852699922821,743.717255654722,706.9419187974404,3555.2032891697363,5.910316750783047,-0.5926881246132747,5.043425116919245,5.348744035906805,9.0
778.002000,148.0,0.148,1.48,1.48,1.48,140.0,130.0,144.0,414.0,414.0,4.997212258964115,920.9480324004431,843.1042914396927,779.6098383220266,3578.407656644821,5.934732725259993,-0.6094137168712499,5.056245805348309,5.340788033830231,9.0
779.003000,153.0,0.153,1.53,1.53,1.53,114.0,120.0,128.0,362.0,362.0,5.030437906092434,892.7693241084004,840.1937170122692,787.9781353499181,3622.0477253993995,5.942918410593688,-0.6008667253030588,5.062595033026966,5.3347941264787,9.0
78.000000,50.0,0.05,0.5,0.5,0.5,100.0,100.0,100.0,300.0,300.0,3.9120230004281464,505.204323955405,504.88575970584736,455.3899163387478,499.0009600000001,3.89882410980694,-1.0043803571106247,3.9120230054281455,3.4107280979970285,1.0
780.004000,148.0,0.148,1.48,1.48,1.48,98.0,106.0,108.0,312.0,312.0,4.997212258964115,825.2789652031711,744.0120419490563,679.8306144693939,3599.9299085450466,5.940004539599471,-0.5630995804412446,5.062595033026966,5.354359252731375,9.0
781.005000,138.0,0.138,1.38,1.38,1.38,90.0,98.0,104.0,292.0,292.0,4.927253671357204,695.4447714755734,675.6070767721014,633.078586534934,3465.8397729755584,5.871283868320873,-0.5718835503600883,5.0238805208462765,5.295629041770508,9.0
782.000000,137.0,0.137,1.37,1.37,1.37,96.0,126.0,114.0,336.0,336.0,4.919980912128125,822.8556959983039,736.4930895755577,665.8774917984011,3256.7499573888863,5.83119941766818,-0.744187332970061,5.010635294096253,5.2688439488692405,8.0
783.001000,130.0,0.13,1.3,1.3,1.3,102.0,122.0,106.0,330.0,330.0,4.867534437455583,736.9857706653511,677.8951119884819,631.9498865769358,3164.0124777967176,5.77132976094169,-0.739936642342605,4.976733742420574,5.223209613078474,8.0
784.002000,136.0,0.136,1.36,1.36,1.36,98.0,116.0,112.0,326.0,326.0,4.912654872136052,784.0882426629479,683.7707474192961,659.6557158001089,3250.182202013827,5.792963665733285,-0.7362679977751565,4.990432586778736,5.201489830471121,8.0
785.003000,140.0,0.14,1.4,1.4,1.4,100.0,120.0,112.0,332.0,332.0,4.9416424086093045,792.8040781057956,714.4865925593097,666.5950436206089,3169.593126897816,5.786837853020236,-0.7162176574643975,4.990432586778736,5.1879545693375375,8.0
786.004000,133.0,0.133,1.33,1.33,1.33,104.0,126.0,120.0,350.0,350.0,4.890349114921754,798.3081279979504,712.5096957978416,663.7987175575921,3208.0793576184697,5.787316759474025,-0.7054268881272843,4.990432586778736,5.191451847363411,8.0
787.005000,135.0,0.135,1.35,1.35,1.35,104.0,130.0,116.0,350.0,350.0,4.90527476493843,820.7521845903573,750.217390497929,639.3119063931945,3065.476248344802,5.7736245781760696,-0.700734681821038,4.983606621708337,5.185709739048945,8.0
788.000000,145.0,0.145,1.45,1.45,1.45,114.0,128.0,118.0,360.0,360.0,4.976733727920575,847.9185951425131,780.3938701437726,716.8461554033695,3287.17931143177,5.828033118971537,-0.7422051843704129,5.010635294096253,5.268089829654845,8.0
789.001000,137.0,0.137,1.37,1.37,1.37,120.0,126.0,128.0,374.0,374.0,4.919980912128125,803.12145245999,719.1683898795724,690.7904496312404,3250.226993718946,5.801728020667274,-0.7179316099133577,4.997212273764116,5.185922276639575,8.0
79.001000,45.0,0.045,0.45,0.45,0.45,88.0,88.0,90.0,266.0,266.0,3.8066624852703197,281.30825938279946,246.75834209706466,243.2222874090249,431.63226879473933,3.776794738678232,-1.1455787016929206,3.8066624897703196,3.214976809725363,1.0
790.002000,140.0,0.14,1.4,1.4,1.4,98.0,112.0,100.0,310.0,310.0,4.9416424086093045,788.102136691621,721.9045866095394,675.793276698839,3201.2190413365092,5.809459654370325,-0.6993293414810853,4.997212273764116,5.191421319261534,8.0
791.003000,135.0,0.135,1.35,1.35,1.35,94.0,112.0,106.0,312.0,312.0,4.90527476493843,749.7694307114509,670.5947015388001,630.0062381201199,3234.791430958658,5.791757861275496,-0.6949264030475608,4.997212273764116,5.176273324177579,8.0
792.004000,135.0,0.135,1.35,1.35,1.35,114.0,136.0,116.0,366.0,366.0,4.90527476493843,813.5151868926996,719.7300255538682,687.8807134793585,3206.5994367213916,5.780483897418877,-0.7463526046336861,4.983606621708337,5.205461460587297,8.0
793.005000,136.0,0.136,1.36,1.36,1.36,102.0,122.0,106.0,330.0,330.0,4.912654872136052,821.069783537296,709.8682733871158,660.988413663824,3234.8508653411564,5.811386880955784,-0.7079925921188863,4.997212273764116,5.204241146243124,8.0
794.000000,157.0,0.157,1.57,1.57,1.57,126.0,118.0,130.0,374.0,374.0,5.056245789648308,932.7916491743895,845.6390316123442,828.4992555189984,3736.5768589280838,5.95341076514771,-0.7325451764040758,5.0689042022202315,5.304992467182147,9.0
795.001000,147.0,0.147,1.47,1.47,1.47,100.0,108.0,104.0,312.0,312.0,4.990432572078737,796.7769714851104,746.4191629385014,696.885498229449,3646.965665171229,5.93774376158371,-0.7664663329440917,5.056245805348309,5.349660172874425,9.0
796.002000,133.0,0.133,1.33,1.33,1.33,80.0,84.0,90.0,254.0,254.0,4.890349114921754,648.4758830427407,621.9464400509861,568.5851957032648,3607.6050658853133,5.927995432392934,-0.7619779753989326,5.049856007249538,5.352557086295355,9.0
797.003000,142.0,0.142,1.42,1.42,1.42,86.0,98.0,96.0,280.0,280.0,4.9558270434012615,744.1534669039313,722.311749749654,649.1545016562743,3609.9010980984126,5.938004852791983,-0.7496639883250609,5.049856007249538,5.353417798615989,9.0
798.004000,146.0,0.146,1.46,1.46,1.46,90.0,100.0,104.0,294.0,294.0,4.983606607108338,770.6797146469795,738.380080210578,709.1319859643606,3664.5066314820865,5.9264553286934465,-0.72067819660111,5.056245805348309,5.331071478512412,9.0
799.005000,140.0,0.14,1.4,1.4,1.4,106.0,96.0,104.0,306.0,306.0,4.9416424086093045,734.0119181725565,685.4329120512679,673.9123126333188,3588.564691479253,5.913507266586864,-0.7460726898415704,5.049856007249538,5.323000802168019,9.0
8.002000,49.0,0.049,0.49,0.49,0.49,98.0,98.0,98.0,294.0,294.0,3.891820293210626,360.99931305138233,356.7846967333935,323.6037453172652,483.12581286963365,3.8917232824074928,-1.0163855442134042,3.891820298110627,3.2779558180495783,1.0
80.002000,47.0,0.047,0.47,0.47,0.47,94.0,94.0,94.0,282.0,282.0,3.8501475970100585,406.75438766856126,370.50911319560686,357.1194778592359,457.32946692595243,3.838467868805379,-1.0213479871654267,3.850147601710058,3.243321677637912,1.0
800.000000,145.0,0.145,1.45,1.45,1.45,114.0,128.0,118.0,360.0,360.0,4.976733727920575,847.9185951425131,780.3938701437726,716.8461554033695,3287.1793114317684,5.828033118971539,-0.7422051843704041,5.010635294096253,5.268089829654845,8.0
801.001000,134.0,0.134,1.34,1.34,1.34,106.0,132.0,120.0,358.0,358.0,4.897839786550913,823.6025449334107,733.5703709207756,659.4987259368588,3209.3667366808963,5.81515694197052,-0.7279140327305189,5.003946305945462,5.18742740002902,8.0
802.002000,135.0,0.135,1.35,1.35,1.35,104.0,126.0,102.0,332.0,332.0,4.90527476493843,827.8890272284349,716.0762882654748,666.3457956172019,3276.6307087566547,5.827086373532652,-0.7146462538784242,5.003946305945462,5.191333805129306,8.0
803.003000,139.0,0.139,1.39,1.39,1.39,106.0,118.0,122.0,346.0,346.0,4.934473919230692,779.9890072931604,708.7194084737155,671.0901453842026,3114.78888131705,5.758482914742346,-0.6928895443535761,4.976733742420574,5.196524413672781,8.0
804.004000,135.0,0.135,1.35,1.35,1.35,100.0,126.0,112.0,338.0,338.0,4.90527476493843,802.5476595928254,700.7583490716835,663.0643617058611,3291.6659996389144,5.808670626643888,-0.7083064734056266,5.003946305945462,5.177612702956925,8.0
805.005000,129.0,0.129,1.29,1.29,1.29,94.0,120.0,108.0,322.0,322.0,4.859812391461672,725.3598887574547,662.3188363103604,633.4375540019522,3147.1403995990486,5.743309679064278,-0.6919478064014051,4.969813299576,5.113957317576363,8.0
806.000000,149.0,0.149,1.49,1.49,1.49,104.0,94.0,106.0,304.0,304.0,5.003946291045461,797.1614476338746,759.7505813808133,747.0074340725603,3920.9868347102433,6.0150510488342865,-0.673204241602956,5.093750200806762,5.438762025914933,10.0
807.001000,148.0,0.148,1.48,1.48,1.48,96.0,98.0,98.0,292.0,292.0,4.997212258964115,807.8340010528115,747.3406092718011,723.1362004861991,3961.9234570551,6.026528684820085,-0.6579917403307802,5.099866427824199,5.411295211918294,10.0
808.003000,150.0,0.15,1.5,1.5,1.5,110.0,108.0,112.0,330.0,330.0,5.010635279096256,836.4042447207137,775.2566611927352,750.5124274198845,3959.709035523313,6.022689746517249,-0.6475793258813813,5.099866427824199,5.407879312842657,10.0
809.004000,146.0,0.146,1.46,1.46,1.46,110.0,106.0,122.0,338.0,338.0,4.983606607108338,811.2106443064795,723.9543412378237,713.1911788392588,3833.462442387846,5.99438134786649,-0.643701412017438,5.081404364984463,5.433083724021967,10.0
81.003000,50.0,0.05,0.5,0.5,0.5,100.0,100.0,100.0,300.0,300.0,3.9120230004281464,392.3261806473454,389.1822558826947,361.37156346996,504.43702118095945,3.921383715932255,-0.9628701235587753,3.9120230054281455,3.445325904633588,1.0
810.005000,160.0,0.16,1.6,1.6,1.6,110.0,112.0,112.0,334.0,334.0,5.075173799233826,920.7156916718325,881.8530286370366,833.068779691131,3870.126163185214,6.022429335618843,-0.6923272718993712,5.093750200806762,5.433012555347418,10.0
811.000000,134.0,0.134,1.34,1.34,1.34,104.0,122.0,114.0,340.0,340.0,4.897839786550913,794.7257062920007,746.8089783424449,650.2563601416733,3206.7517284776122,5.818333075420975,-0.7472239273884416,5.003946305945462,5.156204174841214,8.0
812.001000,137.0,0.137,1.37,1.37,1.37,96.0,112.0,114.0,322.0,322.0,4.919980912128125,772.3273351217613,700.0931872928097,660.8349520379835,3180.6971691717777,5.780611665518636,-0.6931810458227483,4.983606621708337,5.204143186614307,8.0
813.002000,135.0,0.135,1.35,1.35,1.35,92.0,98.0,110.0,300.0,300.0,4.90527476493843,717.5432928128216,670.3583796047485,642.2020312861334,3212.3384930264974,5.775873195570202,-0.7165887557890871,4.983606621708337,5.20422068970722,8.0
814.003000,134.0,0.134,1.34,1.34,1.34,104.0,126.0,118.0,348.0,348.0,4.897839786550913,760.9757707298653,688.9433479813613,642.9167021842959,3156.922867312873,5.770637885275565,-0.7341057714830557,4.990432586778736,5.182239533656514,8.0
815.004000,140.0,0.14,1.4,1.4,1.4,102.0,102.0,114.0,318.0,318.0,4.9416424086093045,763.4642032303025,698.9980499109457,677.794889715895,3362.010156491131,5.81135494428883,-0.688266414324572,5.003946305945462,5.182958472262192,8.0
816.005000,134.0,0.134,1.34,1.34,1.34,92.0,124.0,114.0,330.0,330.0,4.897839786550913,790.9599569192713,711.235251432737,642.0137468718726,3217.695832073937,5.805004934781803,-0.6889670970754542,4.997212273764116,5.183917165915663,8.0
817.000000,155.0,0.155,1.55,1.55,1.55,128.0,124.0,128.0,380.0,380.0,5.0434251014192455,906.2232573900877,854.2303761506392,833.6624954915314,3761.079821746158,5.966959787837451,-0.7241587646027372,5.0751738152338275,5.395152613362555,9.0
818.001000,137.0,0.137,1.37,1.37,1.37,90.0,98.0,102.0,290.0,290.0,4.919980912128125,702.2533616647324,657.7444550288874,607.6226212625845,3604.368791503494,5.931161207365564,-0.7249504168072018,5.056245805348309,5.342751181335875,9.0
819.002000,139.0,0.139,1.39,1.39,1.39,92.0,106.0,90.0,288.0,288.0,4.934473919230692,723.4084319316936,685.1795859775046,631.2968741771324,3494.3462942221036,5.895859803544059,-0.7040583234709676,5.030437921392435,5.281020941406906,9.0
82.004000,48.0,0.048,0.48,0.48,0.48,88.0,96.0,92.0,276.0,276.0,3.8712010061078903,302.5350969918319,269.71012062499625,255.54644904983834,460.2908035008454,3.8344979280370857,-1.0495331042119096,3.871201010907891,3.24790110519051,1.0
820.003000,132.0,0.132,1.32,1.32,1.32,92.0,92.0,100.0,284.0,284.0,4.88280190938637,650.3931085135258,632.4820124097835,602.5491215009336,3417.1814087735124,5.856830994496258,-0.7211702698433187,5.0238805208462765,5.264402476686821,9.0
821.004000,142.0,0.142,1.42,1.42,1.42,104.0,102.0,102.0,308.0,308.0,4.9558270434012615,740.8265220273148,714.8116750646902,682.5026479784178,3593.9422472885717,5.929502523199174,-0.704423327995698,5.056245805348309,5.3388202532431395,9.0
822.005000,145.0,0.145,1.45,1.45,1.45,104.0,106.0,108.0,318.0,318.0,4.976733727920575,764.8587735690813,736.0715791455153,701.9386128026453,3635.238545886527,5.9256516151065055,-0.7549625962679802,5.056245805348309,5.338407710062217,9.0
823.000000,138.0,0.138,1.38,1.38,1.38,106.0,128.0,114.0,348.0,348.0,4.927253671357204,822.7498485625102,760.5471287402193,687.6450516827779,3293.716768972129,5.8384401290593875,-0.7345984245469523,5.017279836814925,5.264942863554833,8.0
824.001000,138.0,0.138,1.38,1.38,1.38,108.0,130.0,106.0,344.0,344.0,4.927253671357204,794.9775911324242,727.003230257534,684.816280059317,3226.8576787739994,5.805991690075187,-0.7090559252034141,4.990432586778736,5.216691125769994,8.0
825.002000,134.0,0.134,1.34,1.34,1.34,92.0,112.0,112.0,316.0,316.0,4.897839786550913,745.7002218350689,644.4765207001794,634.4948992557976,3276.0477331665816,5.797704503709817,-0.6958573150490084,4.990432586778736,5.203974167950114,8.0
826.003000,135.0,0.135,1.35,1.35,1.35,102.0,130.0,114.0,346.0,346.0,4.90527476493843,773.4062520364436,707.0193495729786,673.2929169090961,3239.972170218823,5.783196873636876,-0.691262723035456,4.990432586778736,5.201180471187519,8.0
827.004000,132.0,0.132,1.32,1.32,1.32,106.0,124.0,106.0,336.0,336.0,4.88280190938637,780.8418713546789,689.2044196333059,655.6809817392881,3176.5629517001257,5.761143584499714,-0.6914869594773818,4.976733742420574,5.212569248432162,8.0
828.005000,133.0,0.133,1.33,1.33,1.33,106.0,140.0,114.0,360.0,360.0,4.890349114921754,801.5646857081293,730.3991672343243,663.3444177342384,3116.965478292951,5.775657447925277,-0.7260652838686417,4.976733742420574,5.222814640452429,8.0
829.000000,146.0,0.146,1.46,1.46,1.46,110.0,116.0,116.0,342.0,342.0,4.983606607108338,805.7358758691987,754.6394840867438,726.3232701810441,3711.6967198708385,5.942772206718311,-0.7435705136994706,5.062595033026966,5.299306858266426,9.0
83.005000,47.0,0.047,0.47,0.47,0.47,94.0,94.0,94.0,282.0,282.0,3.8501475970100585,348.47538648627454,327.21556548461825,318.7771331354903,456.14500902083955,3.8213375027309824,-1.0358991762211083,3.850147601710058,3.2441896181670336,1.0
830.001000,150.0,0.15,1.5,1.5,1.5,110.0,114.0,118.0,342.0,342.0,5.010635279096256,815.4441446970176,790.113315856868,772.6558727794476,3546.6833457382,5.909302510794836,-0.7382835108076291,5.0369526024136295,5.279058877564359,9.0
831.002000,153.0,0.153,1.53,1.53,1.53,122.0,126.0,118.0,366.0,366.0,5.030437906092434,891.9998288654722,830.6244555988848,807.6240815487148,3603.6472331818845,5.920024654395107,-0.7254354496182658,5.049856007249538,5.343804392619468,9.0
832.003000,140.0,0.14,1.4,1.4,1.4,100.0,102.0,102.0,304.0,304.0,4.9416424086093045,753.5474564840977,706.6565483902145,639.4388522685446,3777.072443882631,5.967812487480651,-0.7419411722165234,5.081404364984463,5.405229295727294,9.0
833.004000,152.0,0.152,1.52,1.52,1.52,118.0,118.0,124.0,360.0,360.0,5.023880505646275,855.1988192668784,812.3067325367933,791.5470797752756,3597.550249412291,5.91201273386213,-0.677507395139398,5.049856007249538,5.336829818748874,9.0
834.005000,139.0,0.139,1.39,1.39,1.39,94.0,88.0,102.0,284.0,284.0,4.934473919230692,722.6505713622037,687.6320278691323,635.8181201931245,3507.153588711251,5.91075423837006,-0.7141344988033338,5.043425116919245,5.3322855983827635,9.0
835.000000,151.0,0.151,1.51,1.51,1.51,98.0,106.0,104.0,308.0,308.0,5.017279821714925,812.5892555418909,799.1607831698582,738.3956566524898,3935.7957309375433,6.0295205421633895,-0.6693034902044377,5.099866427824199,5.4229721145074326,10.0
836.001000,145.0,0.145,1.45,1.45,1.45,98.0,102.0,96.0,296.0,296.0,4.976733727920575,791.640993556515,732.1400430163727,697.5155151512498,3909.0919863040185,6.013041168411225,-0.6306031082745092,5.093750200806762,5.427068042576777,10.0
837.002000,154.0,0.154,1.54,1.54,1.54,106.0,110.0,122.0,338.0,338.0,5.03695258701363,855.8393452023039,826.0901901427726,801.8237114081704,3828.2289031373302,6.000999687204277,-0.6445050874857672,5.087596335232383,5.435513871198899,10.0
838.003000,152.0,0.152,1.52,1.52,1.52,118.0,116.0,126.0,360.0,360.0,5.023880505646275,900.8405678497522,804.7405585712078,771.9715051579868,3812.805297753014,5.987112682907197,-0.6285830074428413,5.081404364984463,5.436847930278607,10.0
839.004000,143.0,0.143,1.43,1.43,1.43,104.0,110.0,114.0,328.0,328.0,4.962844615959905,786.8297691612066,719.3091733850628,702.308609901283,3799.6607061176774,5.971173433384847,-0.6363709246211982,5.0751738152338275,5.428170634863744,10.0
84.000000,85.0,0.085,0.85,0.85,0.85,118.0,110.0,108.0,336.0,336.0,4.442651247990316,437.82214701232544,413.3916677493996,400.2214793559221,1237.8414836759812,4.736481840735325,-0.5167367730580188,4.442651256490314,4.403062870416955,3.0
840.005000,150.0,0.15,1.5,1.5,1.5,110.0,108.0,114.0,332.0,332.0,5.010635279096256,842.3072701745918,782.3273577394476,749.4187054192935,3868.090238897133,5.987716785598581,-0.6600659092282566,5.081404364984463,5.4177864790819505,10.0
841.000000,137.0,0.137,1.37,1.37,1.37,114.0,116.0,124.0,354.0,354.0,4.919980912128125,789.5273128097118,717.6799787255874,666.018985836964,3279.8466407271458,5.827682947178222,-0.7403862762883584,5.010635294096253,5.268997711735317,8.0
842.001000,142.0,0.142,1.42,1.42,1.42,112.0,134.0,130.0,376.0,376.0,4.9558270434012615,824.5397488226494,725.9811638614982,718.0565521045842,3250.9216868029825,5.8115820980047275,-0.7256566371453923,5.003946305945462,5.174267365904443,8.0
843.002000,142.0,0.142,1.42,1.42,1.42,96.0,114.0,100.0,310.0,310.0,4.9558270434012615,814.3004122347888,714.7147538854466,695.8299043022997,3198.6841194820186,5.787574211128615,-0.7009186601516881,4.990432586778736,5.191280978011093,8.0
844.003000,133.0,0.133,1.33,1.33,1.33,92.0,114.0,118.0,324.0,324.0,4.890349114921754,761.2183040589453,696.7561649695822,620.9428242045552,3077.826014316703,5.748100497039004,-0.7047111385491007,4.976733742420574,5.178204378938902,8.0
845.004000,135.0,0.135,1.35,1.35,1.35,104.0,124.0,116.0,344.0,344.0,4.90527476493843,797.6671800343971,697.8865882762398,654.4610465041776,3161.29316210045,5.77730739057242,-0.6814235770060098,4.990432586778736,5.165058921627033,8.0
846.005000,141.0,0.141,1.41,1.41,1.41,118.0,150.0,130.0,398.0,398.0,4.948759876278167,862.7338726669625,794.3947077596915,726.2756748924951,3134.615146379393,5.776190915710019,-0.7478804238907859,4.983606621708337,5.198108303709856,8.0
847.000000,158.0,0.158,1.58,1.58,1.58,106.0,110.0,116.0,332.0,332.0,5.062595017226968,963.5976469435535,895.9350666502772,808.0875395707264,4425.231240727273,6.239680396269412,-0.6859440459208721,5.170483995038152,5.718405196070926,12.0
848.001000,152.0,0.152,1.52,1.52,1.52,96.0,116.0,112.0,324.0,324.0,5.023880505646275,893.9579893211755,836.7558291038453,741.7072342065584,4302.146100858691,6.205118064621891,-0.668906505390638,5.159055299214527,5.610203776924329,12.0
849.002000,157.0,0.157,1.57,1.57,1.57,96.0,108.0,112.0,316.0,316.0,5.056245789648308,921.421428762184,810.1823070734829,800.6765189414034,4495.453432988351,6.232289464880529,-0.7024832154373453,5.170483995038152,5.697617714533066,12.0
85.001000,84.0,0.084,0.84,0.84,0.84,120.0,112.0,112.0,344.0,344.0,4.430816790443312,431.86550858582,402.6464714645669,374.9165913781846,1214.5272698284346,4.719282070445279,-0.44546598598573617,4.4308167988433125,4.235150949313179,3.0
850.003000,150.0,0.15,1.5,1.5,1.5,86.0,102.0,106.0,294.0,294.0,5.010635279096256,846.1661358287054,761.501451165539,712.6657463390887,4463.280332055798,6.240452665580442,-0.6505198205436624,5.17614973257383,5.684160081831617,12.0
851.004000,142.0,0.142,1.42,1.42,1.42,74.0,86.0,94.0,254.0,254.0,4.9558270434012615,733.0011102396039,688.9463143831583,637.0948288983647,4268.547331500431,6.1745539581121935,-0.6376801014451114,5.147494476813454,5.616746258485259,12.0
852.005000,148.0,0.148,1.48,1.48,1.48,90.0,114.0,108.0,312.0,312.0,4.997212258964115,849.3950254141337,775.9465043631336,723.5773891416517,4321.795342387327,6.192747831269667,-0.6505477663621075,5.153291594497778,5.607098006041699,12.0
853.000000,167.0,0.167,1.67,1.67,1.67,102.0,100.0,118.0,320.0,320.0,5.117993795716756,953.5049649118475,899.9179468957484,888.8285851983917,5349.9033684979,6.425314085575069,-0.7324950772697405,5.252273428046632,5.835848494114029,15.0
854.001000,138.0,0.138,1.38,1.38,1.38,108.0,112.0,114.0,334.0,334.0,4.927253671357204,725.8849674847332,675.8933431382765,663.9028487972796,5118.864901359716,6.374156268325569,-0.7125517942884385,5.2257466737132034,5.7912366761780545,15.0
855.002000,174.0,0.174,1.74,1.74,1.74,118.0,120.0,138.0,376.0,376.0,5.1590552818145285,1043.6422202380538,1017.3298736082672,1000.9819291421855,5293.938351544051,6.417276908559284,-0.7505299542375492,5.247024072160485,5.853706959252013,15.0
856.003000,140.0,0.14,1.4,1.4,1.4,90.0,96.0,106.0,292.0,292.0,4.9416424086093045,737.6029126340976,667.5895206312763,647.7647095917696,5074.289576981574,6.36157356590254,-0.6991691896276655,5.2257466737132034,5.783099701258025,15.0
857.004000,148.0,0.148,1.48,1.48,1.48,84.0,88.0,100.0,272.0,272.0,4.997212258964115,774.3017926537774,717.0754044527532,709.5282082988745,5172.555092218367,6.387585997654083,-0.7110977387559876,5.236441962829949,5.7778969613727655,15.0
858.005000,151.0,0.151,1.51,1.51,1.51,86.0,88.0,108.0,282.0,282.0,5.017279821714925,805.49447947059,742.9078256488622,718.0347809732623,5170.602136430657,6.37787725623422,-0.7124373002942841,5.241747015059643,5.753542520842982,15.0
859.000000,134.0,0.134,1.34,1.34,1.34,102.0,110.0,106.0,318.0,318.0,4.897839786550913,679.801592381689,670.5422223420186,613.5815584106208,4961.666213475379,6.339515122763081,-0.7530090255967288,5.2257466737132034,5.772923230804613,14.0
86.002000,85.0,0.085,0.85,0.85,0.85,106.0,122.0,112.0,340.0,340.0,4.442651247990316,415.76839860491737,392.05917869687744,351.4194815217344,1302.6356986968503,4.786287756062294,-0.4241384836179587,4.477336814478207,4.371676564888869,3.0
860.001000,132.0,0.132,1.32,1.32,1.32,104.0,118.0,114.0,336.0,336.0,4.88280190938637,679.018592463723,662.0330967368992,594.37255322362,4999.609499602792,6.336607955673666,-0.7475635870159429,5.2257466737132034,5.7714026265833445,14.0
861.002000,144.0,0.144,1.44,1.44,1.44,86.0,86.0,92.0,264.0,264.0,4.969813285176,732.5998664196798,696.5942292037148,649.8614599321609,4860.4656180739275,6.3209154751803664,-0.7447034593726789,5.220355825078324,5.769533401762377,14.0
862.003000,138.0,0.138,1.38,1.38,1.38,108.0,122.0,114.0,344.0,344.0,4.927253671357204,731.4565799716008,705.390353303677,629.7617623768963,4763.926447908625,6.292541970743957,-0.7321106777937971,5.2094861528414205,5.712113380794905,14.0
863.004000,133.0,0.133,1.33,1.33,1.33,110.0,122.0,122.0,354.0,354.0,4.890349114921754,680.8169094311824,666.9453346095667,622.3430191171454,4693.2578572340535,6.284108869582156,-0.7415846919832081,5.204006687076794,5.722815462512652,14.0
864.005000,137.0,0.137,1.37,1.37,1.37,100.0,94.0,102.0,296.0,296.0,4.919980912128125,710.9600422834894,671.0914499688647,629.7441281856023,4757.448184051332,6.281121364137425,-0.7100303987355789,5.198497031265827,5.7183729981153535,14.0
865.000000,143.0,0.143,1.43,1.43,1.43,82.0,94.0,92.0,268.0,268.0,4.962844615959905,706.2803058553822,680.538387216876,650.048439794875,4606.9371430827205,6.187504890868404,-0.5934689771239055,5.181783550292085,5.6486700780216585,11.0
87.003000,86.0,0.086,0.86,0.86,0.86,110.0,108.0,112.0,330.0,330.0,4.454347287653507,451.29273575859537,398.53895946339156,387.6799326849894,1272.4734605128206,4.7691210147188805,-0.41088017176270464,4.4543472962535064,4.37203740029953,3.0
88.004000,86.0,0.086,0.86,0.86,0.86,116.0,114.0,114.0,344.0,344.0,4.454347287653507,448.9258747824193,412.9163543583137,398.6926545801972,1259.536140357416,4.73130026158879,-0.4372406754502438,4.4543472962535064,4.350522198300199,3.0
89.005000,84.0,0.084,0.84,0.84,0.84,112.0,94.0,100.0,306.0,306.0,4.430816790443312,430.04674357373426,396.0812971307006,363.6576735812794,1228.74300770103,4.732948589650134,-0.43712268645106933,4.442651256490314,4.368160032402453,3.0
9.003000,46.0,0.046,0.46,0.46,0.46,84.0,90.0,86.0,260.0,260.0,3.8286413918890942,269.3346193861666,256.9749894384108,238.47299987107442,441.52642552906207,3.8257476339851952,-1.1155611329258568,3.8286413964890946,3.2544639709842724,1.0
90.000000,87.0,0.087,0.87,0.87,0.87,114.0,114.0,126.0,354.0,354.0,4.465908109954582,478.7748681275069,464.51851919917,434.9594862365414,1300.61290251388,4.774867524040534,-0.5059866532536366,4.465908118654583,4.407546548325168,3.0
91.001000,86.0,0.086,0.86,0.86,0.86,108.0,104.0,112.0,324.0,324.0,4.454347287653507,453.9905978242002,418.92552283569296,371.618763061037,1246.537679782391,4.757530662524793,-0.4694917624279249,4.4543472962535064,4.3700927640148555,3.0
92.002000,84.0,0.084,0.84,0.84,0.84,110.0,112.0,120.0,342.0,342.0,4.430816790443312,440.27500939951153,422.0771349776896,393.6716651466084,1223.5067803248364,4.7262682182309685,-0.41538427803920897,4.4308167988433125,4.2487623609296925,3.0
93.003000,84.0,0.084,0.84,0.84,0.84,110.0,118.0,122.0,350.0,350.0,4.430816790443312,458.1559675090574,442.96662493986935,415.3059789796447,1217.0663683417185,4.7210938631949535,-0.5009492677018712,4.4308167988433125,4.232375283179951,3.0
94.004000,85.0,0.085,0.85,0.85,0.85,110.0,112.0,108.0,330.0,330.0,4.442651247990316,449.3758976007122,407.97879567357495,401.4688361374775,1253.0690724985914,4.724116429825781,-0.5046053816407037,4.442651256490314,4.3758621688144546,3.0
95.005000,86.0,0.086,0.86,0.86,0.86,104.0,112.0,116.0,332.0,332.0,4.454347287653507,470.3943428059343,423.6155465685503,405.73429667202714,1263.41677848876,4.759319877629205,-0.44652521974277626,4.4543472962535064,4.36273451873257,3.0
96.000000,71.0,0.071,0.71,0.71,0.71,84.0,84.0,96.0,264.0,264.0,4.262679869941316,329.4747738468272,297.89199462041466,243.11210477219487,828.2392035197012,4.440187778831315,-0.5447530642355582,4.262679877041316,4.124554097817181,2.0
97.001000,68.0,0.068,0.68,0.68,0.68,62.0,72.0,88.0,222.0,222.0,4.219507698376108,315.852950308511,255.1033074972534,200.13197748835316,807.1218365379385,4.428445094876672,-0.5307644882048703,4.2484952420493585,4.110665291283455,2.0
98.002000,68.0,0.068,0.68,0.68,0.68,68.0,84.0,84.0,236.0,236.0,4.219507698376108,322.53500515351686,257.84212291398654,201.47581310896717,847.4283438936924,4.458464858982627,-0.4267865643646567,4.276666119016054,4.113666249544049,2.0
99.003000,66.0,0.066,0.66,0.66,0.66,74.0,88.0,90.0,252.0,252.0,4.1896547354264255,308.6741078991474,266.0659943499785,212.1083825993591,820.9210717166894,4.452983162986066,-0.4412302984299723,4.262679877041316,4.110485306602486,2.0
dump.ni_fcc_r0.52_c7.0_8.5_7.7.000000,45.0,0.045,0.45,0.45,0.45,86.0,86.0,90.0,262.0,262.0,3.8066624852703197,302.1658683538252,279.65016332948284,257.65063498335866,436.62584,3.7770265328630717,-1.1637583831878848,3.8066624897703196,3.1711203861773622,1.0
dump.ni_fcc_r0.52_c7.0_8.5_7.7.001000,47.0,0.047,0.47,0.47,0.47,94.0,94.0,94.0,282.0,282.0,3.8501475970100585,413.8587343736688,386.11756803008836,366.32156993666825,459.58810884383945,3.816608686517269,-1.0257834293638735,3.850147601710058,3.240803853559876,1.0
dump.ni_fcc_r0.52_c7.0_8.5_7.7.002000,46.0,0.046,0.46,0.46,0.46,82.0,82.0,92.0,256.0,256.0,3.8286413918890942,259.82763131092605,251.00327665026123,246.08213551707343,446.63378234418326,3.79847900820804,-1.1461886357628979,3.8286413964890946,3.2269504829359525,1.0
dump.ni_fcc_r0.52_c7.0_8.5_7.7.003000,48.0,0.048,0.48,0.48,0.48,96.0,96.0,96.0,288.0,288.0,3.8712010061078903,428.4802107679115,423.4863095805077,383.82514631824733,475.57175411526714,3.8776054924933585,-1.0257549421515428,3.871201010907891,3.291883249270485,1.0
dump.ni_fcc_r0.52_c7.0_8.5_7.7.004000,48.0,0.048,0.48,0.48,0.48,96.0,96.0,96.0,288.0,288.0,3.8712010061078903,408.3226435337611,377.2448691833573,365.3074872828814,469.51859003990916,3.8373375925889994,-1.0027562978202176,3.871201010907891,3.236144334182183,1.0
dump.ni_fcc_r0.52_c7.0_8.5_7.7.005000,47.0,0.047,0.47,0.47,0.47,86.0,86.0,84.0,256.0,256.0,3.8501475970100585,255.61392260504752,235.14641444207973,219.4524289103195,450.1105630226814,3.8208495700237632,-1.034039123953727,3.850147601710058,3.226210543336847,1.0
dump.ni_fcc_r0.53_c7.6_8.8_8.6.000000,88.0,0.088,0.88,0.88,0.88,112.0,118.0,110.0,340.0,340.0,4.477336805678206,469.9447389942397,411.71777711833204,382.2011202510644,1300.5414696531548,4.808155007507964,-0.49330613818474145,4.477336814478207,4.396181298125923,3.0
dump.ni_fcc_r0.53_c7.6_8.8_8.6.001000,86.0,0.086,0.86,0.86,0.86,116.0,106.0,118.0,340.0,340.0,4.454347287653507,472.0370234556009,433.3646038244298,405.92395411531805,1308.1581027947864,4.790031499253539,-0.38424131777442216,4.465908118654583,4.386664709956079,3.0
dump.ni_fcc_r0.53_c7.6_8.8_8.6.002000,85.0,0.085,0.85,0.85,0.85,116.0,102.0,104.0,322.0,322.0,4.442651247990316,451.0815512953272,404.05212423235673,380.2075009429041,1216.1002923034273,4.734552086805403,-0.5224651037525585,4.442651256490314,4.351212903287912,3.0
dump.ni_fcc_r0.53_c7.6_8.8_8.6.003000,86.0,0.086,0.86,0.86,0.86,116.0,116.0,112.0,344.0,344.0,4.454347287653507,458.86303441060534,400.0840825937106,389.3784643910328,1259.9279806758113,4.755529622738196,-0.4169257126493364,4.4543472962535064,4.363096320260089,3.0
dump.ni_fcc_r0.53_c7.6_8.8_8.6.004000,86.0,0.086,0.86,0.86,0.86,116.0,108.0,98.0,322.0,322.0,4.454347287653507,455.1217379124902,412.48510756783924,365.30013126385677,1245.3564223504882,4.772363647720488,-0.5529214034709269,4.465908118654583,4.359396035155994,3.0
dump.ni_fcc_r0.53_c7.6_8.8_8.6.005000,85.0,0.085,0.85,0.85,0.85,112.0,104.0,102.0,318.0,318.0,4.442651247990316,429.95571618399674,410.46043616549326,390.64267117992205,1239.8975845091798,4.734543338080179,-0.4896209814618939,4.442651256490314,4.387449581927168,3.0
dump.ni_fcc_r0.53_c8.9_8.6_8.7.000000,86.0,0.086,0.86,0.86,0.86,116.0,96.0,108.0,320.0,320.0,4.454347287653507,461.14472525920445,417.8224214737981,405.9630858251371,1241.4265255261655,4.760796772156755,-0.5106734921697518,4.4543472962535064,4.400715667464976,3.0
dump.ni_fcc_r0.53_c8.9_8.6_8.7.001000,86.0,0.086,0.86,0.86,0.86,112.0,120.0,130.0,362.0,362.0,4.454347287653507,484.71189342552503,476.0093003640142,454.83694574534456,1278.319365797477,4.757590556551427,-0.4656579119991773,4.4543472962535064,4.368154565233703,3.0
dump.ni_fcc_r0.53_c8.9_8.6_8.7.002000,85.0,0.085,0.85,0.85,0.85,106.0,110.0,112.0,328.0,328.0,4.442651247990316,454.2820589019619,420.98476177582614,395.55670873397645,1236.3483560538646,4.74543281217702,-0.4681445865990925,4.442651256490314,4.386706397131603,3.0
dump.ni_fcc_r0.53_c8.9_8.6_8.7.003000,85.0,0.085,0.85,0.85,0.85,112.0,116.0,110.0,338.0,338.0,4.442651247990316,440.3486792834069,386.1649207372117,380.7805176264403,1266.0265918129157,4.733000702685479,-0.4513491253154851,4.4543472962535064,4.361250204150273,3.0
dump.ni_fcc_r0.53_c8.9_8.6_8.7.004000,91.0,0.091,0.91,0.91,0.91,118.0,116.0,110.0,344.0,344.0,4.51085949741685,498.41121449064264,427.14293530981666,422.62167437536516,1398.9597670860192,4.874798078668613,-0.41961405712630695,4.510859506516851,4.438891204901157,3.0
dump.ni_fcc_r0.53_c8.9_8.6_8.7.005000,85.0,0.085,0.85,0.85,0.85,126.0,116.0,104.0,346.0,346.0,4.442651247990316,452.0248085605644,393.13292689213085,366.2304998414223,1213.3139084670674,4.724955855388769,-0.454853214249209,4.442651256490314,4.372991749370682,3.0
dump.ni_fcc_r0.54_c8.7_8.8_7.4.000000,66.0,0.066,0.66,0.66,0.66,62.0,70.0,76.0,208.0,208.0,4.1896547354264255,304.92586667742717,240.51131005561192,184.3203990245367,808.6482809761643,4.4209143808173295,-0.5368796262542737,4.2484952420493585,4.121679172275211,2.0
dump.ni_fcc_r0.54_c8.7_8.8_7.4.001000,67.0,0.067,0.67,0.67,0.67,66.0,78.0,90.0,234.0,234.0,4.204692612690966,315.74832097404993,263.70107310327694,204.0132924898372,844.7417495154887,4.4520574497866,-0.502275874567859,4.276666119016054,4.102907475723272,2.0
dump.ni_fcc_r0.54_c8.7_8.8_7.4.002000,65.0,0.065,0.65,0.65,0.65,80.0,90.0,98.0,268.0,268.0,4.174387263395637,303.44271453554023,255.45731435690735,213.83843264601413,779.6555819329368,4.407393228560568,-0.5019770715420466,4.234106504597262,4.001879157935173,2.0
dump.ni_fcc_r0.54_c8.7_8.8_7.4.003000,70.0,0.07,0.7,0.7,0.7,70.0,84.0,90.0,244.0,244.0,4.248495235049358,343.2106448416077,269.6626684467354,231.9552581402281,847.6050117684342,4.454793230866757,-0.5065112577373121,4.276666119016054,4.0942537716025065,2.0
dump.ni_fcc_r0.54_c8.7_8.8_7.4.004000,71.0,0.071,0.71,0.71,0.71,84.0,84.0,96.0,264.0,264.0,4.262679869941316,325.31192411844233,304.1148611732756,236.88307386321162,822.217656149477,4.4285118117400035,-0.4175866990670132,4.262679877041316,4.09920117018787,2.0
dump.ni_fcc_r0.54_c8.7_8.8_7.4.005000,68.0,0.068,0.68,0.68,0.68,66.0,74.0,84.0,224.0,224.0,4.219507698376108,295.40242691710546,256.86103117019974,205.4718360303419,827.0573019714659,4.4468031443773395,-0.4939041442099654,4.262679877041316,4.118574515916022,2.0
dump.ni_fcc_r0.55_c7.5_7.2_8.6.000000,71.0,0.071,0.71,0.71,0.71,84.0,84.0,96.0,264.0,264.0,4.262679869941316,329.4747738468271,297.89199462041455,243.1121047721949,828.2392035197009,4.440187778831315,-0.54475306423556,4.262679877041316,4.124554097817181,2.0
dump.ni_fcc_r0.55_c7.5_7.2_8.6.001000,69.0,0.069,0.69,0.69,0.69,72.0,78.0,80.0,230.0,230.0,4.234106497697257,318.02898485407815,259.16184664726893,208.14250183198615,809.3568969563742,4.42250518395797,-0.4121959226661285,4.2484952420493585,4.103167815871726,2.0
dump.ni_fcc_r0.55_c7.5_7.2_8.6.002000,71.0,0.071,0.71,0.71,0.71,84.0,86.0,100.0,270.0,270.0,4.262679869941316,321.0693549079708,305.8443368342702,243.2834913563503,829.8614345307856,4.442856994899598,-0.5433048716424715,4.262679877041316,4.1064513019645,2.0
dump.ni_fcc_r0.55_c7.5_7.2_8.6.003000,67.0,0.067,0.67,0.67,0.67,62.0,90.0,86.0,238.0,238.0,4.204692612690966,318.149739621857,267.05545143114944,199.15301790221727,843.9251670990611,4.457733994190427,-0.5592317805172131,4.276666119016054,4.109566622416947,2.0
dump.ni_fcc_r0.55_c7.5_7.2_8.6.004000,65.0,0.065,0.65,0.65,0.65,60.0,76.0,76.0,212.0,212.0,4.174387263395637,289.0709782410069,238.82069077766099,177.03140790440906,842.6488289455799,4.451828599076021,-0.5185387989180792,4.276666119016054,4.100393742167764,2.0
dump.ni_fcc_r0.55_c7.5_7.2_8.6.005000,70.0,0.07,0.7,0.7,0.7,70.0,92.0,102.0,264.0,264.0,4.248495235049358,304.4115844402349,291.6456544630689,240.62847538241036,799.0075415095553,4.413273730945506,-0.5142763311089009,4.2484952420493585,4.092656175562254,2.0
dump.ni_fcc_r0.56_c8.5_8.3_7.5.000000,87.0,0.087,0.87,0.87,0.87,106.0,118.0,114.0,338.0,338.0,4.465908109954582,472.49860284734433,428.8907057878086,404.8175879165712,1289.2200598724887,4.780127170676543,-0.49675636293526715,4.465908118654583,4.398422423201547,3.0
dump.ni_fcc_r0.56_c8.5_8.3_7.5.001000,83.0,0.083,0.83,0.83,0.83,110.0,108.0,114.0,332.0,332.0,4.418840599496599,421.2284960909664,411.1157883209242,386.2581252266636,1228.8023162453737,4.721302999778645,-0.4788312723606114,4.4308167988433125,4.244596680516489,3.0
dump.ni_fcc_r0.56_c8.5_8.3_7.5.002000,84.0,0.084,0.84,0.84,0.84,104.0,114.0,118.0,336.0,336.0,4.430816790443312,452.95214023048925,437.0721502109697,405.5471381299693,1220.1097083424245,4.7041052778444294,-0.28433312901338814,4.4308167988433125,4.2249848542391835,3.0
dump.ni_fcc_r0.56_c8.5_8.3_7.5.003000,83.0,0.083,0.83,0.83,0.83,104.0,108.0,126.0,338.0,338.0,4.418840599496599,450.7784561963388,442.09019279051773,421.3964112541075,1206.268885626299,4.683879265521827,-0.4221862261960334,4.4188406077966,4.225731131489058,3.0
dump.ni_fcc_r0.56_c8.5_8.3_7.5.004000,87.0,0.087,0.87,0.87,0.87,118.0,102.0,104.0,324.0,324.0,4.465908109954582,467.5801825011371,409.7394295131736,373.1171695948847,1244.2305500496745,4.758341722846372,-0.4235960708600177,4.465908118654583,4.3550724294360865,3.0
dump.ni_fcc_r0.56_c8.5_8.3_7.5.005000,85.0,0.085,0.85,0.85,0.85,108.0,114.0,114.0,336.0,336.0,4.442651247990316,439.23850818081866,416.10015128150167,383.81428171415007,1235.4034900500767,4.738773146770463,-0.4132294016902085,4.442651256490314,4.385783710982199,3.0
dump.ni_fcc_r0.56_c8.8_7.8_8.2.000000,102.0,0.102,1.02,1.02,1.02,136.0,142.0,144.0,422.0,422.0,4.624972803084271,570.9824137886066,543.6368944615954,538.2630446909749,1839.2717924123438,5.077176639132419,-0.7505412863066874,4.6443908991413725,4.528645191962106,4.0
dump.ni_fcc_r0.56_c8.8_7.8_8.2.001000,102.0,0.102,1.02,1.02,1.02,140.0,128.0,132.0,400.0,400.0,4.624972803084271,566.4794789011494,537.1964165459577,497.12802612152075,1854.018923111316,5.085328531420786,-0.7344861102740787,4.6443908991413725,4.546634816974359,4.0
dump.ni_fcc_r0.56_c8.8_7.8_8.2.002000,101.0,0.101,1.01,1.01,1.01,134.0,136.0,124.0,394.0,394.0,4.615120506741261,555.8896539005736,553.0025632165549,530.5533274373269,1751.6218971402611,5.041778529238213,-0.7376223874903474,4.6151205168412615,4.545727935920323,4.0
dump.ni_fcc_r0.56_c8.8_7.8_8.2.003000,99.0,0.099,0.99,0.99,0.99,132.0,126.0,130.0,388.0,388.0,4.595119840234592,513.5393710675323,501.42666767212074,473.4380016643868,1727.112359261875,5.028213580862635,-0.7271027903873883,4.6151205168412615,4.531672724936654,4.0
dump.ni_fcc_r0.56_c8.8_7.8_8.2.004000,99.0,0.099,0.99,0.99,0.99,128.0,134.0,134.0,396.0,396.0,4.595119840234592,515.5450174545714,495.0829160840665,493.45287454217015,1707.8823520754586,5.008467089803832,-0.7641508542940798,4.605170185988092,4.527990342757713,4.0
dump.ni_fcc_r0.56_c8.8_7.8_8.2.005000,98.0,0.098,0.98,0.98,0.98,118.0,122.0,130.0,370.0,370.0,4.584967468870572,489.0142354081148,477.26152465967505,440.54056646282265,1638.3524704319602,5.021613463211244,-0.7476684972658347,4.605170185988092,4.563831183559115,4.0
dump.ni_fcc_r0.57_c7.3_8.9_8.7.000000,101.0,0.101,1.01,1.01,1.01,126.0,92.0,112.0,330.0,330.0,4.615120506741261,511.4245541853029,504.18358490261113,463.48096982297716,1847.5661367491664,5.076051213367226,-0.7492429822970923,4.6443908991413725,4.51730711416296,4.0
dump.ni_fcc_r0.57_c7.3_8.9_8.7.001000,97.0,0.097,0.97,0.97,0.97,148.0,122.0,124.0,394.0,394.0,4.574710968803382,517.0584436129199,509.1022510879337,439.2826042682184,1598.2001477233546,4.981807249005612,-0.782543675293665,4.574710978503383,4.487066928016268,4.0
dump.ni_fcc_r0.57_c7.3_8.9_8.7.002000,100.0,0.1,1.0,1.0,1.0,140.0,126.0,136.0,402.0,402.0,4.605170175988092,557.3711613788813,538.9049747602527,525.5438638608659,1710.8944147220434,5.0108305763614736,-0.7226097266290417,4.605170185988092,4.543704450650832,4.0
dump.ni_fcc_r0.57_c7.3_8.9_8.7.003000,99.0,0.099,0.99,0.99,0.99,118.0,132.0,134.0,384.0,384.0,4.595119840234592,513.282970614474,503.58070174247433,487.3787518854761,1803.068719856996,5.057663061284393,-0.7409045648690995,4.6249728132842725,4.563928585293724,4.0
dump.ni_fcc_r0.57_c7.3_8.9_8.7.004000,103.0,0.103,1.03,1.03,1.03,156.0,134.0,134.0,424.0,424.0,4.634728977929635,595.983467681848,569.8432293682952,495.95971071684755,1732.817957923135,5.058372407883735,-0.7779880975811109,4.634728988229636,4.52699813235355,4.0
dump.ni_fcc_r0.57_c7.3_8.9_8.7.005000,103.0,0.103,1.03,1.03,1.03,144.0,150.0,142.0,436.0,436.0,4.634728977929635,586.4356527485664,527.0414128186187,512.1928373454365,1754.1879357348516,5.060618123195807,-0.7409679737772308,4.634728988229636,4.534564182228228,4.0
dump.ni_fcc_r0.57_c8.2_7.3_7.3.000000,107.0,0.107,1.07,1.07,1.07,164.0,162.0,162.0,488.0,488.0,4.672828823761908,621.3325090125908,610.5689808083835,556.4349587771566,1912.40752449299,5.124939003253813,-0.7457595665450021,4.672828834461908,4.575525331918588,4.0
dump.ni_fcc_r0.57_c8.2_7.3_7.3.001000,101.0,0.101,1.01,1.01,1.01,130.0,124.0,132.0,386.0,386.0,4.615120506741261,565.6486544043324,528.3382662749508,500.8645644692315,1741.1409391381678,5.063783038837892,-0.7392794144598316,4.6249728132842725,4.556803159369333,4.0
dump.ni_fcc_r0.57_c8.2_7.3_7.3.002000,98.0,0.098,0.98,0.98,0.98,150.0,134.0,134.0,418.0,418.0,4.584967468870572,549.3678277369374,536.4674915444099,471.4708031676327,1604.4090736066205,4.985077650214922,-0.7585874670285464,4.5849674786705705,4.489748147392239,4.0
dump.ni_fcc_r0.57_c8.2_7.3_7.3.003000,101.0,0.101,1.01,1.01,1.01,142.0,148.0,152.0,442.0,442.0,4.615120506741261,563.3299343018724,556.8058824794892,499.23051985230177,1728.584669236762,5.036267959885373,-0.7496343965012846,4.6151205168412615,4.538432714284304,4.0
dump.ni_fcc_r0.57_c8.2_7.3_7.3.004000,101.0,0.101,1.01,1.01,1.01,124.0,132.0,130.0,386.0,386.0,4.615120506741261,536.5920096282144,508.4815390817289,485.18387703263096,1724.5840715814602,5.044586399996784,-0.7586882754718429,4.6249728132842725,4.538882978601001,4.0
dump.ni_fcc_r0.57_c8.2_7.3_7.3.005000,100.0,0.1,1.0,1.0,1.0,148.0,140.0,144.0,432.0,432.0,4.605170175988092,559.0218930057189,534.7146395121241,496.04346748215687,1765.7478040145204,5.045256392468707,-0.7677898217827104,4.6249728132842725,4.5357321593144215,4.0
dump.ni_fcc_r0.57_c8.5_8.1_7.9.000000,97.0,0.097,0.97,0.97,0.97,102.0,96.0,98.0,296.0,296.0,4.574710968803382,437.8537047595322,409.02098531196657,362.3624233305631,1780.1569435585996,5.13536545024371,-0.5435110269758532,4.663439094112068,4.657699867279881,4.0
dump.ni_fcc_r0.57_c8.5_8.1_7.9.001000,97.0,0.097,0.97,0.97,0.97,90.0,102.0,102.0,294.0,294.0,4.574710968803382,436.6367215704935,426.2514545501952,342.348937281373,1664.4969118590905,5.1350679666639305,-0.4524310240519309,4.653960350157524,4.640878977040518,4.0
dump.ni_fcc_r0.57_c8.5_8.1_7.9.002000,93.0,0.093,0.93,0.93,0.93,92.0,102.0,98.0,292.0,292.0,4.5325994838532555,408.81813961823553,384.4359308494791,350.0147467365864,1732.1427210318438,5.103293306890525,-0.4300372034074451,4.6443908991413725,4.559180811036566,4.0
dump.ni_fcc_r0.57_c8.5_8.1_7.9.003000,102.0,0.102,1.02,1.02,1.02,128.0,126.0,126.0,380.0,380.0,4.624972803084271,540.4768517340215,491.7733890625478,460.49485724264645,1694.0294401120134,5.0954175401140995,-0.4311468038102064,4.6443908991413725,4.55198987020188,4.0
dump.ni_fcc_r0.57_c8.5_8.1_7.9.004000,94.0,0.094,0.94,0.94,0.94,88.0,96.0,94.0,278.0,278.0,4.543294772870005,420.64687545206726,411.9455277110072,331.8969585390534,1581.9989061548838,5.084741817986965,-0.45743164649109547,4.6249728132842725,4.575778383953254,4.0
dump.ni_fcc_r0.57_c8.5_8.1_7.9.005000,93.0,0.093,0.93,0.93,0.93,88.0,102.0,96.0,286.0,286.0,4.5325994838532555,406.89963852977354,392.3288464373694,327.99732148446986,1531.7665329933698,5.045905330499592,-0.45067225626536667,4.605170185988092,4.5732602709400485,4.0
dump.ni_fcc_r0.58_c7.0_7.2_8.8.000000,85.0,0.085,0.85,0.85,0.85,116.0,122.0,120.0,358.0,358.0,4.442651247990316,470.91786086014224,416.7250503542799,410.09826525616614,1251.9852581529808,4.769748226439599,-0.4755270973868191,4.4543472962535064,4.391485447863172,3.0
dump.ni_fcc_r0.58_c7.0_7.2_8.8.001000,84.0,0.084,0.84,0.84,0.84,112.0,104.0,116.0,332.0,332.0,4.430816790443312,431.81731907144854,419.5760873698674,400.20183165392194,1222.897542209807,4.703064789394611,-0.43328341332142895,4.4308167988433125,4.236313704130875,3.0
dump.ni_fcc_r0.58_c7.0_7.2_8.8.002000,88.0,0.088,0.88,0.88,0.88,102.0,118.0,116.0,336.0,336.0,4.477336805678206,457.92775028294227,409.35303117009596,379.2419458196888,1296.3570414835074,4.8039981777533,-0.5214999873695727,4.477336814478207,4.378352613738857,3.0
dump.ni_fcc_r0.58_c7.0_7.2_8.8.003000,84.0,0.084,0.84,0.84,0.84,102.0,110.0,120.0,332.0,332.0,4.430816790443312,439.36736053540164,425.29349589797664,410.5296197570978,1217.607683871803,4.704443396585392,-0.4044304609311191,4.4308167988433125,4.228734526551606,3.0
dump.ni_fcc_r0.58_c7.0_7.2_8.8.004000,85.0,0.085,0.85,0.85,0.85,106.0,110.0,114.0,330.0,330.0,4.442651247990316,453.45491488444014,418.30673933040464,401.5559928439788,1229.8554813114165,4.73706862207069,-0.4693457174253197,4.442651256490314,4.375214150858133,3.0
dump.ni_fcc_r0.58_c7.0_7.2_8.8.005000,87.0,0.087,0.87,0.87,0.87,108.0,112.0,112.0,332.0,332.0,4.465908109954582,450.1362318129543,391.48076947383214,372.72782629942054,1262.686135713442,4.773489052000653,-0.3867159788483794,4.465908118654583,4.345168870072726,3.0
dump.ni_fcc_r0.58_c9.0_8.6_8.8.000000,86.0,0.086,0.86,0.86,0.86,116.0,96.0,108.0,320.0,320.0,4.454347287653507,461.14472525920445,417.8224214737981,405.9630858251371,1241.4265255261655,4.760796772156755,-0.5106734921697518,4.4543472962535064,4.400715667464976,3.0
dump.ni_fcc_r0.58_c9.0_8.6_8.8.001000,86.0,0.086,0.86,0.86,0.86,112.0,120.0,130.0,362.0,362.0,4.454347287653507,484.71189342552503,476.0093003640142,454.83694574534456,1278.319365797477,4.757590556551427,-0.4656579119991773,4.4543472962535064,4.368154565233703,3.0
dump.ni_fcc_r0.58_c9.0_8.6_8.8.002000,85.0,0.085,0.85,0.85,0.85,106.0,110.0,112.0,328.0,328.0,4.442651247990316,454.2820589019619,420.98476177582614,395.55670873397645,1236.3483560538646,4.74543281217702,-0.4681445865990925,4.442651256490314,4.386706397131603,3.0
dump.ni_fcc_r0.58_c9.0_8.6_8.8.003000,85.0,0.085,0.85,0.85,0.85,112.0,116.0,110.0,338.0,338.0,4.442651247990316,440.3486792834069,386.1649207372117,380.7805176264403,1266.0265918129157,4.733000702685479,-0.4513491253154851,4.4543472962535064,4.361250204150273,3.0
dump.ni_fcc_r0.58_c9.0_8.6_8.8.004000,91.0,0.091,0.91,0.91,0.91,118.0,116.0,110.0,344.0,344.0,4.51085949741685,498.41121449064264,427.14293530981666,422.62167437536516,1398.9597670860192,4.874798078668613,-0.41961405712630695,4.510859506516851,4.438891204901157,3.0
dump.ni_fcc_r0.58_c9.0_8.6_8.8.005000,85.0,0.085,0.85,0.85,0.85,126.0,116.0,104.0,346.0,346.0,4.442651247990316,452.0248085605644,393.13292689213085,366.2304998414223,1213.3139084670674,4.724955855388769,-0.454853214249209,4.442651256490314,4.372991749370682,3.0
dump.ni_fcc_r0.59_c8.8_8.1_8.7.000000,85.0,0.085,0.85,0.85,0.85,112.0,120.0,118.0,350.0,350.0,4.442651247990316,467.12944627450827,405.14803629563113,398.4048703710374,1267.4651976938896,4.769204792796814,-0.4837612099378745,4.4543472962535064,4.391485447863172,3.0
dump.ni_fcc_r0.59_c8.8_8.1_8.7.001000,86.0,0.086,0.86,0.86,0.86,108.0,104.0,108.0,320.0,320.0,4.454347287653507,442.00261379205057,397.9256727824,363.1879924953163,1252.9653171141638,4.770998002541214,-0.4424468115237512,4.4543472962535064,4.377024750809565,3.0
dump.ni_fcc_r0.59_c8.8_8.1_8.7.002000,86.0,0.086,0.86,0.86,0.86,104.0,110.0,110.0,324.0,324.0,4.454347287653507,451.9385036596836,407.401158658127,403.8231283798639,1289.835382416653,4.771495434840023,-0.2568963474811543,4.4543472962535064,4.380197644442147,3.0
dump.ni_fcc_r0.59_c8.8_8.1_8.7.003000,85.0,0.085,0.85,0.85,0.85,112.0,112.0,120.0,344.0,344.0,4.442651247990316,462.2763375388157,433.3936787324627,422.8711601993098,1248.628961269184,4.729585855556046,-0.4666068757594859,4.442651256490314,4.3797510989708455,3.0
dump.ni_fcc_r0.59_c8.8_8.1_8.7.004000,87.0,0.087,0.87,0.87,0.87,112.0,110.0,114.0,336.0,336.0,4.465908109954582,467.26614679875354,424.75871366733486,401.49238091322167,1272.6274188958548,4.7871208318949305,-0.47084591778135376,4.465908118654583,4.368699433912808,3.0
dump.ni_fcc_r0.59_c8.8_8.1_8.7.005000,85.0,0.085,0.85,0.85,0.85,116.0,122.0,122.0,360.0,360.0,4.442651247990316,419.02501613137537,393.0011864090772,359.2679151066063,1247.6743828922645,4.709104570179319,-0.4847163100294458,4.442651256490314,4.3465981269448575,3.0
dump.ni_fcc_r0.9_c7.2_8.1_7.5.001000,138.0,0.138,1.38,1.38,1.38,80.0,84.0,84.0,248.0,248.0,4.927253671357204,664.9623237826771,638.2588096485975,582.7208955542328,4338.845752540483,6.134408950207136,-0.5786624271567402,5.147494476813454,5.57532168147949,11.0
dump.ni_fcc_r0.9_c7.2_8.1_7.5.002000,136.0,0.136,1.36,1.36,1.36,82.0,84.0,90.0,256.0,256.0,4.912654872136052,634.3089570052273,616.9628123575893,595.8899953430661,4394.190674817223,6.146474289560967,-0.5859041606434681,5.159055299214527,5.55404189350243,11.0
dump.ni_fcc_r0.9_c7.2_8.1_7.5.003000,155.0,0.155,1.55,1.55,1.55,92.0,100.0,100.0,292.0,292.0,5.0434251014192455,807.6631911151214,788.405094416121,741.2478435010162,4397.752324196077,6.145088936365621,-0.644719888838869,5.159055299214527,5.5508867216721125,11.0
dump.ni_fcc_r0.9_c7.2_8.1_7.5.004000,135.0,0.135,1.35,1.35,1.35,86.0,90.0,88.0,264.0,264.0,4.90527476493843,656.8107160844536,641.5481909236614,575.2114633622554,4229.448401068008,6.087609259844583,-0.6014346878282968,5.14166355650266,5.546741410698792,11.0
dump.ni_fcc_r0.9_c7.2_8.1_7.5.005000,153.0,0.153,1.53,1.53,1.53,116.0,112.0,118.0,346.0,346.0,5.030437906092434,846.0103497517633,832.6797359669984,786.643247614572,4189.372284720014,6.075766976441487,-0.6538501495669689,5.129898714923071,5.483439814177778,11.0
dump.ni_fcc_r0.9_c7.2_8.4_8.3.000000,159.0,0.159,1.59,1.59,1.59,104.0,112.0,120.0,336.0,336.0,5.068904186320232,970.0925971076557,899.6417185363138,818.0141120289862,4336.038729793104,6.215613781465333,-0.6883073816891634,5.159055299214527,5.624806285439802,12.0
dump.ni_fcc_r0.9_c7.2_8.4_8.3.001000,151.0,0.151,1.51,1.51,1.51,94.0,102.0,108.0,304.0,304.0,5.017279821714925,904.465091483734,815.6401853520443,728.3715443562745,4437.172464588471,6.229289367296288,-0.6314522893659675,5.170483995038152,5.691121992281052,12.0
dump.ni_fcc_r0.9_c7.2_8.4_8.3.002000,147.0,0.147,1.47,1.47,1.47,88.0,100.0,112.0,300.0,300.0,4.990432572078737,826.7293576062453,751.554442932694,691.9474919780672,4357.284899845117,6.2297284974664136,-0.6686705631472352,5.1647859739235145,5.699175992040115,12.0
dump.ni_fcc_r0.9_c7.2_8.4_8.3.003000,149.0,0.149,1.49,1.49,1.49,94.0,114.0,114.0,322.0,322.0,5.003946291045461,861.7933814549831,786.8702793685668,703.0141915254432,4435.693090887039,6.226522302902237,-0.6528583525485399,5.170483995038152,5.693703983395394,12.0
dump.ni_fcc_r0.9_c7.2_8.4_8.3.004000,151.0,0.151,1.51,1.51,1.51,78.0,102.0,102.0,282.0,282.0,5.017279821714925,826.2997950873519,778.646575014791,700.9609146660687,4312.111314087439,6.203315663187701,-0.6790955604021307,5.159055299214527,5.607731260452517,12.0
dump.ni_fcc_r0.9_c7.2_8.4_8.3.005000,152.0,0.152,1.52,1.52,1.52,86.0,104.0,108.0,298.0,298.0,5.023880505646275,876.8411755874785,795.2858669826061,738.6887469036001,4242.172272623904,6.189990295283828,-0.6507626308074861,5.153291594497778,5.607299060498801,12.0
dump.ni_fcc_r0.9_c7.2_8.5_8.7.000000,153.0,0.153,1.53,1.53,1.53,94.0,114.0,108.0,316.0,316.0,5.030437906092434,886.9642890683381,834.8148818313726,736.2077572048645,4440.5507723575165,6.229761489980614,-0.6729453991056458,5.170483995038152,5.724598003217758,12.0
dump.ni_fcc_r0.9_c7.2_8.5_8.7.001000,140.0,0.14,1.4,1.4,1.4,78.0,86.0,96.0,260.0,260.0,4.9416424086093045,728.4917336334528,664.6794072905175,639.8860019331723,4406.574703893779,6.226334847288902,-0.643162368084965,5.1647859739235145,5.694451028815132,12.0
dump.ni_fcc_r0.9_c7.2_8.5_8.7.002000,149.0,0.149,1.49,1.49,1.49,76.0,94.0,96.0,266.0,266.0,5.003946291045461,804.6260038387829,729.1242538432076,681.6859839287478,4372.122985562157,6.222598665395284,-0.7077999263064969,5.1647859739235145,5.701202996825807,12.0
dump.ni_fcc_r0.9_c7.2_8.5_8.7.003000,149.0,0.149,1.49,1.49,1.49,80.0,96.0,98.0,274.0,274.0,5.003946291045461,828.5045368140911,758.0121592492349,687.8725656816406,4393.112010786912,6.216970112049273,-0.6574078938010581,5.1647859739235145,5.694845265677139,12.0
dump.ni_fcc_r0.9_c7.2_8.5_8.7.004000,160.0,0.16,1.6,1.6,1.6,94.0,110.0,108.0,312.0,312.0,5.075173799233826,931.2432831405681,862.9259731566809,808.9557437027511,4454.73210536089,6.227086429453715,-0.6885494736962707,5.17614973257383,5.67729987968349,12.0
dump.ni_fcc_r0.9_c7.2_8.5_8.7.005000,150.0,0.15,1.5,1.5,1.5,84.0,98.0,98.0,280.0,280.0,5.010635279096256,804.9121716583429,766.6662695714783,706.7815587701789,4386.933563789122,6.198362637985469,-0.6977782487767041,5.159055299214527,5.603687252048483,12.0
dump.ni_fcc_r0.9_c7.4_8.2_8.4.000000,150.0,0.15,1.5,1.5,1.5,84.0,102.0,104.0,290.0,290.0,5.010635279096256,829.1538638114647,769.9180282076622,707.6614413142062,4537.108910562652,6.250758296005403,-0.6708040211860418,5.181783550292085,5.703614477326871,12.0
dump.ni_fcc_r0.9_c7.4_8.2_8.4.001000,159.0,0.159,1.59,1.59,1.59,100.0,110.0,112.0,322.0,322.0,5.068904186320232,960.4941466159019,873.7325142080416,805.5469240817159,4294.20395821486,6.204679688919567,-0.658563356574196,5.153291594497778,5.617354544412109,12.0
dump.ni_fcc_r0.9_c7.4_8.2_8.4.002000,159.0,0.159,1.59,1.59,1.59,98.0,118.0,116.0,332.0,332.0,5.068904186320232,916.7551122721163,872.0438395000632,821.0626834479467,4484.815301239704,6.239016873370424,-0.6307472869918063,5.17614973257383,5.695739664394938,12.0
dump.ni_fcc_r0.9_c7.4_8.2_8.4.003000,151.0,0.151,1.51,1.51,1.51,82.0,102.0,100.0,284.0,284.0,5.017279821714925,851.4692054704889,767.6043283324875,714.2774595745068,4432.556890227832,6.232465350114402,-0.634582643709765,5.170483995038152,5.691467398772928,12.0
dump.ni_fcc_r0.9_c7.4_8.2_8.4.004000,148.0,0.148,1.48,1.48,1.48,100.0,108.0,108.0,316.0,316.0,4.997212258964115,865.7064529746542,788.7982931017044,704.670929599318,4484.449436073445,6.225475464744725,-0.6771131506376724,5.17614973257383,5.678824894595843,12.0
dump.ni_fcc_r0.9_c7.4_8.2_8.4.005000,147.0,0.147,1.47,1.47,1.47,80.0,90.0,102.0,272.0,272.0,4.990432572078737,781.1856112631757,722.0591995112566,676.5375021507374,4510.910090310576,6.232320392608082,-0.6503416051905315,5.181783550292085,5.667422958433071,12.0
dump.ni_fcc_r0.9_c7.5_7.2_8.8.000000,157.0,0.157,1.57,1.57,1.57,100.0,114.0,114.0,328.0,328.0,5.056245789648308,918.6966789238468,888.7973043771354,788.4805389920117,4187.183450644926,6.1639497716639085,-0.6547561110171589,5.147494476813454,5.609600869428769,11.0
dump.ni_fcc_r0.9_c7.5_7.2_8.8.001000,149.0,0.149,1.49,1.49,1.49,90.0,104.0,106.0,300.0,300.0,5.003946291045461,822.7830830418864,804.5054043585839,708.1745998478518,3986.6649127198775,6.117170966201251,-0.6416598829907665,5.1179938124167546,5.538550830662234,11.0
dump.ni_fcc_r0.9_c7.5_7.2_8.8.002000,150.0,0.15,1.5,1.5,1.5,94.0,112.0,114.0,320.0,320.0,5.010635279096256,878.8242054392309,817.3134945441078,720.955633349994,4155.736041017758,6.158175624696812,-0.6328339809921486,5.14166355650266,5.616655338133771,11.0
dump.ni_fcc_r0.9_c7.5_7.2_8.8.003000,149.0,0.149,1.49,1.49,1.49,100.0,110.0,108.0,318.0,318.0,5.003946291045461,842.8216468320263,808.4299665418903,715.6208698475602,4064.867765512061,6.134227411174121,-0.6259641903458664,5.129898714923071,5.5463364540000475,11.0
dump.ni_fcc_r0.9_c7.5_7.2_8.8.004000,165.0,0.165,1.65,1.65,1.65,102.0,112.0,116.0,330.0,330.0,5.105945457400581,946.2059459206522,916.7701235382133,867.7875669047716,4187.518490132163,6.161033042721524,-0.6301102610292597,5.147494476813454,5.590479243973813,11.0
dump.ni_fcc_r0.9_c7.5_7.2_8.8.005000,152.0,0.152,1.52,1.52,1.52,88.0,102.0,104.0,294.0,294.0,5.023880505646275,829.8521277110029,815.5240119706231,712.8212287394261,4095.9799249005,6.144638506829397,-0.6623895566264242,5.14166355650266,5.600800751608184,11.0
dump.ni_fcc_r0.9_c7.5_7.8_8.3.000000,165.0,0.165,1.65,1.65,1.65,96.0,96.0,106.0,298.0,298.0,5.105945457400581,895.2209126106959,891.9375886756184,851.6536199258072,5169.258317505482,6.3710439035669,-0.6522542754405736,5.236441962829949,5.779352380901528,14.0
dump.ni_fcc_r0.9_c7.5_7.8_8.3.001000,167.0,0.167,1.67,1.67,1.67,106.0,112.0,122.0,340.0,340.0,5.117993795716756,970.9966678049708,942.4527574798541,889.4727304037983,5043.875079587122,6.354065629596196,-0.6266826589155676,5.231108616854585,5.769796693411895,14.0
dump.ni_fcc_r0.9_c7.5_7.8_8.3.002000,159.0,0.159,1.59,1.59,1.59,94.0,102.0,106.0,302.0,302.0,5.068904186320232,882.1745691250134,826.711091120341,796.4728303206831,5117.613084251167,6.365801573933302,-0.6578389017910853,5.231108616854585,5.766255199735582,14.0
dump.ni_fcc_r0.9_c7.5_7.8_8.3.003000,167.0,0.167,1.67,1.67,1.67,120.0,114.0,132.0,366.0,366.0,5.117993795716756,981.290474579249,964.8232976359059,934.8443116171803,5013.028047499377,6.335635661526371,-0.6409334520645031,5.220355825078324,5.778920831671236,14.0
dump.ni_fcc_r0.9_c7.5_7.8_8.3.004000,151.0,0.151,1.51,1.51,1.51,96.0,98.0,108.0,302.0,302.0,5.017279821714925,812.2890052736049,778.2734716117402,737.2520926510789,5007.342667711763,6.337683081494476,-0.6456596229791467,5.2257466737132034,5.7685132489681346,14.0
dump.ni_fcc_r0.9_c7.5_7.8_8.3.005000,165.0,0.165,1.65,1.65,1.65,98.0,110.0,110.0,318.0,318.0,5.105945457400581,912.6485697583079,898.080467861458,864.3982351075068,5116.692102890125,6.345930235126662,-0.6550418131536047,5.231108616854585,5.764953335499266,14.0
dump.ni_fcc_r0.9_c7.5_8.2_8.2.000000,138.0,0.138,1.38,1.38,1.38,84.0,92.0,88.0,264.0,264.0,4.927253671357204,678.6447130753825,665.3959019220488,605.944892248945,4746.785482663273,6.278528681120407,-0.5703411755840384,5.2094861528414205,5.72234298809737,12.0
dump.ni_fcc_r0.9_c7.5_8.2_8.2.001000,136.0,0.136,1.36,1.36,1.36,86.0,96.0,100.0,282.0,282.0,4.912654872136052,700.7772038021308,647.9655419686768,603.1396071703689,4699.0691481241465,6.248976079643342,-0.5270742831712267,5.198497031265827,5.700326992595035,12.0
dump.ni_fcc_r0.9_c7.5_8.2_8.2.002000,142.0,0.142,1.42,1.42,1.42,84.0,88.0,90.0,262.0,262.0,4.9558270434012615,715.3737939588311,695.103899752209,659.5927288241714,4658.700405392302,6.261610257940198,-0.5710131255783453,5.198497031265827,5.722614768781061,12.0
dump.ni_fcc_r0.9_c7.5_8.2_8.2.003000,137.0,0.137,1.37,1.37,1.37,86.0,90.0,88.0,264.0,264.0,4.919980912128125,680.1842096456616,658.2769876105685,590.2687297510693,4393.975360540211,6.223788570574113,-0.5761215968783535,5.17614973257383,5.65856528226309,12.0
dump.ni_fcc_r0.9_c7.5_8.2_8.2.004000,137.0,0.137,1.37,1.37,1.37,94.0,104.0,98.0,296.0,296.0,4.919980912128125,688.4988622269318,665.0275900467033,600.3421608650511,4654.0418445889845,6.2403440784316055,-0.5568881317898828,5.198497031265827,5.697692349160055,12.0
dump.ni_fcc_r0.9_c7.5_8.2_8.2.005000,137.0,0.137,1.37,1.37,1.37,72.0,78.0,84.0,234.0,234.0,4.919980912128125,657.9749280834894,623.7564108472592,582.9693909962585,4593.495607718089,6.236903066500329,-0.5520230972352138,5.192956850890212,5.715233144925893,12.0
dump.ni_fcc_r0.9_c7.5_8.9_8.8.000000,171.0,0.171,1.71,1.71,1.71,122.0,130.0,122.0,374.0,374.0,5.141663539402659,1046.551724230657,1009.4003414698224,950.59764190186,4602.870394540347,6.184819838073435,-0.5969827245760895,5.181783550292085,5.6487996534706,11.0
dump.ni_fcc_r0.9_c7.5_8.9_8.8.001000,131.0,0.131,1.31,1.31,1.31,78.0,84.0,86.0,248.0,248.0,4.875197310101152,607.9142458306937,599.235149400554,548.8506047687521,4287.558561376718,6.132861823057579,-0.6069865205346869,5.147494476813454,5.569779312085571,11.0
dump.ni_fcc_r0.9_c7.5_8.9_8.8.002000,139.0,0.139,1.39,1.39,1.39,82.0,90.0,96.0,268.0,268.0,4.934473919230692,684.7957290540479,660.1375939439848,613.4839431890175,4271.98512726725,6.125020653156685,-0.600831866511387,5.147494476813454,5.569694542877261,11.0
dump.ni_fcc_r0.9_c7.5_8.9_8.8.003000,159.0,0.159,1.59,1.59,1.59,118.0,106.0,116.0,340.0,340.0,5.068904186320232,883.35602816299,854.0389389161297,836.8943410969808,4409.7501532458045,6.109674088213768,-0.5814888158274951,5.147494476813454,5.5590129402366975,11.0
dump.ni_fcc_r0.9_c7.5_8.9_8.8.004000,133.0,0.133,1.33,1.33,1.33,82.0,88.0,90.0,260.0,260.0,4.890349114921754,619.8542039777996,601.1575420790349,569.9356223642188,4481.903536943056,6.154863021667492,-0.574056547901765,5.1647859739235145,5.632846998412178,11.0
dump.ni_fcc_r0.9_c7.5_8.9_8.8.005000,152.0,0.152,1.52,1.52,1.52,98.0,102.0,112.0,312.0,312.0,5.023880505646275,816.6762837666221,793.5333029474633,747.7772553911777,4283.574927714067,6.098711813489653,-0.655948046542854,5.13579843705026,5.569343959986222,11.0
dump.ni_fcc_r0.9_c7.6_7.6_8.5.000000,164.0,0.164,1.64,1.64,1.64,104.0,118.0,116.0,338.0,338.0,5.099866411424199,982.1294689347503,948.4979406698025,809.1530782003248,4392.721985517159,6.183460015655518,-0.7130000414833289,5.17614973257383,5.618589852711465,11.0
dump.ni_fcc_r0.9_c7.6_7.6_8.5.001000,167.0,0.167,1.67,1.67,1.67,118.0,132.0,136.0,386.0,386.0,5.117993795716756,1032.288221946852,1007.3057019800627,834.3222437377565,4320.9599224927,6.168399351522149,-0.7022506201205907,5.1647859739235145,5.6397753908664665,11.0
dump.ni_fcc_r0.9_c7.6_7.6_8.5.002000,174.0,0.174,1.74,1.74,1.74,132.0,144.0,146.0,422.0,422.0,5.1590552818145285,1094.054468486855,1077.6472735915838,948.6315912548934,4402.062197654282,6.168001648653083,-0.6925580276648371,5.170483995038152,5.622001449308322,11.0
dump.ni_fcc_r0.9_c7.6_7.6_8.5.003000,154.0,0.154,1.54,1.54,1.54,104.0,108.0,124.0,336.0,336.0,5.03695258701363,862.500651764251,821.4956468307455,762.3673377686399,4284.162792332311,6.135034010207343,-0.7340063977894862,5.147494476813454,5.578271964933059,11.0
dump.ni_fcc_r0.9_c7.6_7.6_8.5.004000,160.0,0.16,1.6,1.6,1.6,118.0,120.0,120.0,358.0,358.0,5.075173799233826,920.3315902118445,911.8130268497597,817.3928829383963,4274.525317687678,6.135448567912522,-0.7467598497476153,5.147494476813454,5.57140621554696,11.0
dump.ni_fcc_r0.9_c7.6_7.6_8.5.005000,153.0,0.153,1.53,1.53,1.53,106.0,110.0,116.0,332.0,332.0,5.030437906092434,859.7429665758176,810.4455430159139,770.8572420422554,4364.273895837977,6.146703268068051,-0.7493181414861265,5.159055299214527,5.565811992050002,11.0
dump.ni_fcc_r0.9_c7.7_8.0_7.7.000000,135.0,0.135,1.35,1.35,1.35,86.0,92.0,92.0,270.0,270.0,4.90527476493843,686.6530761487758,641.8106144030098,576.3363094482147,4771.482297200286,6.289213772950164,-0.5652600808500958,5.214935757608987,5.722334410226885,12.0
dump.ni_fcc_r0.9_c7.7_8.0_7.7.001000,125.0,0.125,1.25,1.25,1.25,88.0,94.0,98.0,280.0,280.0,4.828313724802301,618.9363506765906,588.514995041161,515.0126542822484,4592.269354437327,6.243714715056712,-0.570241102574164,5.192956850890212,5.714928250553544,12.0
dump.ni_fcc_r0.9_c7.7_8.0_7.7.002000,143.0,0.143,1.43,1.43,1.43,86.0,94.0,98.0,278.0,278.0,4.962844615959905,758.8218947277904,708.1708048722663,634.7695381621809,4622.347132363199,6.257102889859674,-0.5935046377111366,5.192956850890212,5.731433420704904,12.0
dump.ni_fcc_r0.9_c7.7_8.0_7.7.003000,141.0,0.141,1.41,1.41,1.41,108.0,106.0,104.0,318.0,318.0,4.948759876278167,739.1176756832464,711.8354349164729,664.1107191875144,4661.554021878312,6.2451574669797845,-0.571527283297721,5.192956850890212,5.713267793197825,12.0
dump.ni_fcc_r0.9_c7.7_8.0_7.7.004000,137.0,0.137,1.37,1.37,1.37,84.0,86.0,92.0,262.0,262.0,4.919980912128125,680.2538674440029,648.8416933262953,590.6124684267819,4668.339161582156,6.248825377961224,-0.555664432959682,5.204006687076794,5.6881315688261305,12.0
dump.ni_fcc_r0.9_c7.7_8.0_7.7.005000,133.0,0.133,1.33,1.33,1.33,90.0,88.0,100.0,278.0,278.0,4.890349114921754,653.5966942469082,610.6896349955796,569.2475053439787,4628.442769197162,6.234760816825562,-0.5429824382144939,5.192956850890212,5.7208052711391515,12.0
dump.ni_fcc_r0.9_c7.8_7.6_7.0.000000,148.0,0.148,1.48,1.48,1.48,128.0,126.0,122.0,376.0,376.0,4.997212258964115,816.3504592671857,798.6024987789541,749.4659608727792,4139.005789337211,6.054923860568777,-0.7155696961083424,5.1179938124167546,5.469172054419016,10.0
dump.ni_fcc_r0.9_c7.8_7.6_7.0.001000,144.0,0.144,1.44,1.44,1.44,100.0,100.0,102.0,302.0,302.0,4.969813285176,751.1077750082966,717.7650546725848,703.5160592080069,4104.4852390840015,6.024389007137038,-0.6762983339169479,5.099866427824199,5.404694182037148,10.0
dump.ni_fcc_r0.9_c7.8_7.6_7.0.002000,147.0,0.147,1.47,1.47,1.47,124.0,126.0,120.0,370.0,370.0,4.990432572078737,832.7083827640894,811.201869509205,743.0013123525557,4129.124389339421,6.0366211238096215,-0.7215035235079461,5.111987788356544,5.47546846137574,10.0
dump.ni_fcc_r0.9_c7.8_7.6_7.0.003000,138.0,0.138,1.38,1.38,1.38,102.0,98.0,104.0,304.0,304.0,4.927253671357204,695.5538989421358,685.5575972366433,665.8160400531051,4005.3245915417356,6.011585386956911,-0.742565559088975,5.093750200806762,5.416078058744291,10.0
dump.ni_fcc_r0.9_c7.8_7.6_7.0.004000,153.0,0.153,1.53,1.53,1.53,118.0,104.0,114.0,336.0,336.0,5.030437906092434,830.0910659686772,794.6363612741396,790.7758407310392,4085.60081953598,6.013265455550361,-0.6588832281418195,5.10594547390058,5.467550303930103,10.0
dump.ni_fcc_r0.9_c7.8_7.6_7.0.005000,145.0,0.145,1.45,1.45,1.45,112.0,114.0,114.0,340.0,340.0,4.976733727920575,776.7867531613194,735.3254980525667,703.9429211999068,4019.9493929367036,6.012538274998306,-0.7021205304083815,5.099866427824199,5.403932132109254,10.0
dump.ni_fcc_r0.9_c7.8_8.2_8.0.000000,163.0,0.163,1.63,1.63,1.63,96.0,98.0,108.0,302.0,302.0,5.093750184506762,895.5562185410441,881.5674429679706,830.7045593498807,5133.0047239736305,6.3705991450939,-0.657403805519257,5.236441962829949,5.776216316829425,14.0
dump.ni_fcc_r0.9_c7.8_8.2_8.0.001000,170.0,0.17,1.7,1.7,1.7,118.0,108.0,124.0,350.0,350.0,5.135798420050261,1041.6934346527235,977.8026759550078,950.9038893922688,5119.363688947564,6.37089680487686,-0.6485552855667045,5.236441962829949,5.770137348902723,14.0
dump.ni_fcc_r0.9_c7.8_8.2_8.0.002000,148.0,0.148,1.48,1.48,1.48,76.0,88.0,80.0,244.0,244.0,4.997212258964115,722.2727620095097,708.6960529184009,690.9501039910083,5035.580567397907,6.3449559596116325,-0.639895783077784,5.2257466737132034,5.778531126854108,14.0
dump.ni_fcc_r0.9_c7.8_8.2_8.0.003000,157.0,0.157,1.57,1.57,1.57,98.0,104.0,112.0,314.0,314.0,5.056245789648308,860.8113650803178,839.688231253105,806.914416405431,5125.76280402182,6.369189544689256,-0.6515255770256401,5.241747015059643,5.759793912218745,14.0
dump.ni_fcc_r0.9_c7.8_8.2_8.0.004000,155.0,0.155,1.55,1.55,1.55,92.0,96.0,106.0,294.0,294.0,5.0434251014192455,838.2572330512482,803.826457029116,776.8582454035057,5152.324237510023,6.361169882359246,-0.6815847142478173,5.236441962829949,5.764243254642638,14.0
dump.ni_fcc_r0.9_c7.8_8.2_8.0.005000,157.0,0.157,1.57,1.57,1.57,102.0,108.0,114.0,324.0,324.0,5.056245789648308,848.0811537917956,840.6734663873607,801.4619403303979,4970.269772558636,6.313338286974768,-0.6582699524435651,5.214935757608987,5.712583032602397,14.0
dump.ni_fcc_r0.9_c8.1_8.0_7.9.000000,151.0,0.151,1.51,1.51,1.51,92.0,92.0,92.0,276.0,276.0,5.017279821714925,774.5580051170471,756.2051605783978,703.62094026482,4837.502575880188,6.312164798866635,-0.7605855380363185,5.2094861528414205,5.750115281479286,14.0
dump.ni_fcc_r0.9_c8.1_8.0_7.9.001000,137.0,0.137,1.37,1.37,1.37,102.0,116.0,124.0,342.0,342.0,4.919980912128125,754.7257139871093,721.7562414277597,602.3209642931605,4890.145501142308,6.334105341195494,-0.7146654339981264,5.2257466737132034,5.773304980305931,14.0
dump.ni_fcc_r0.9_c8.1_8.0_7.9.002000,135.0,0.135,1.35,1.35,1.35,108.0,116.0,114.0,338.0,338.0,4.90527476493843,716.8624836309095,685.0357327408786,617.5980799245085,5023.4865262105905,6.356469919153299,-0.7569875407075837,5.231108616854585,5.7781678859942165,14.0
dump.ni_fcc_r0.9_c8.1_8.0_7.9.003000,140.0,0.14,1.4,1.4,1.4,84.0,88.0,90.0,262.0,262.0,4.9416424086093045,692.4833711684566,670.4487881801409,609.1964120799739,4664.848192916003,6.272246952916448,-0.7492271082321365,5.192956850890212,5.72815455172083,14.0
dump.ni_fcc_r0.9_c8.1_8.0_7.9.004000,133.0,0.133,1.33,1.33,1.33,108.0,120.0,118.0,346.0,346.0,4.890349114921754,695.8412142587237,672.6100292402136,610.4660497341454,4733.018016222728,6.278967039819608,-0.7429646577275766,5.198497031265827,5.722111602875836,14.0
dump.ni_fcc_r0.9_c8.1_8.0_7.9.005000,136.0,0.136,1.36,1.36,1.36,92.0,104.0,98.0,294.0,294.0,4.912654872136052,680.0348274346768,666.2557335449363,604.8564978439161,4830.806633337929,6.299905509591513,-0.7215666807729035,5.2094861528414205,5.720631777281204,14.0
dump.ni_fcc_r0.9_c8.2_7.2_9.0.000000,158.0,0.158,1.58,1.58,1.58,106.0,110.0,116.0,332.0,332.0,5.062595017226968,963.5879987033295,896.0260086083628,807.9935876250166,4425.231240727274,6.239680396269412,-0.6859440459208592,5.170483995038152,5.718405196070926,12.0
dump.ni_fcc_r0.9_c8.2_7.2_9.0.001000,151.0,0.151,1.51,1.51,1.51,92.0,112.0,114.0,318.0,318.0,5.017279821714925,893.9701624279148,810.4060994323874,723.5707580072475,4378.186581069981,6.2190197087743035,-0.6826948562007651,5.1647859739235145,5.695185241173673,12.0
dump.ni_fcc_r0.9_c8.2_7.2_9.0.002000,147.0,0.147,1.47,1.47,1.47,76.0,98.0,100.0,274.0,274.0,4.990432572078737,801.2831595249244,733.1313116524983,673.0413111355022,4383.723294756662,6.224311931198991,-0.6971817245433165,5.159055299214527,5.634155935468913,12.0
dump.ni_fcc_r0.9_c8.2_7.2_9.0.003000,161.0,0.161,1.61,1.61,1.61,104.0,108.0,114.0,326.0,326.0,5.081404348884462,971.8878277817385,916.6902374927962,831.1237980795021,4395.979442580934,6.215685956491634,-0.6468332396090268,5.1647859739235145,5.699110541450171,12.0
dump.ni_fcc_r0.9_c8.2_7.2_9.0.004000,159.0,0.159,1.59,1.59,1.59,104.0,118.0,116.0,338.0,338.0,5.068904186320232,950.5495821631381,901.4048230286184,810.3600602170484,4423.802125652832,6.235491201285478,-0.683070387801048,5.170483995038152,5.692047820606906,12.0
dump.ni_fcc_r0.9_c8.2_7.2_9.0.005000,154.0,0.154,1.54,1.54,1.54,98.0,106.0,112.0,316.0,316.0,5.03695258701363,900.7692462773451,798.4254886369629,760.2078624882889,4397.693846685133,6.216967356170345,-0.6433955640340483,5.1647859739235145,5.693918556082594,12.0
dump.ni_fcc_r0.9_c8.2_8.4_7.4.000000,147.0,0.147,1.47,1.47,1.47,102.0,104.0,108.0,314.0,314.0,4.990432572078737,750.4736745442339,744.7353698619218,720.4916358659542,4714.750108708166,6.226657771626067,-0.6112008238446207,5.192956850890212,5.714893379943735,12.0
dump.ni_fcc_r0.9_c8.2_8.4_7.4.001000,147.0,0.147,1.47,1.47,1.47,94.0,82.0,92.0,268.0,268.0,4.990432572078737,752.1777630969374,712.1689694140462,662.4831994618063,4615.950643037951,6.22522561926803,-0.6061656669658069,5.192956850890212,5.699444077698116,12.0
dump.ni_fcc_r0.9_c8.2_8.4_7.4.002000,134.0,0.134,1.34,1.34,1.34,82.0,90.0,90.0,262.0,262.0,4.897839786550913,627.6694940560612,616.5352613266508,583.8698714829594,4532.001416024891,6.215713842567804,-0.5824780672521039,5.187385805840755,5.621558453440292,12.0
dump.ni_fcc_r0.9_c8.2_8.4_7.4.003000,144.0,0.144,1.44,1.44,1.44,86.0,80.0,90.0,256.0,256.0,4.969813285176,712.4800310750607,676.4168731133647,618.7003180337973,4659.071589556913,6.215297861643694,-0.6079720061482217,5.192956850890212,5.687077309515754,12.0
dump.ni_fcc_r0.9_c8.2_8.4_7.4.004000,132.0,0.132,1.32,1.32,1.32,86.0,92.0,98.0,276.0,276.0,4.88280190938637,645.8712168382103,598.4007346297449,576.9553212593178,4427.581473469865,6.168612207109163,-0.594652404503822,5.170483995038152,5.617735804169666,12.0
dump.ni_fcc_r0.9_c8.2_8.4_7.4.005000,143.0,0.143,1.43,1.43,1.43,82.0,86.0,84.0,252.0,252.0,4.962844615959905,707.7375230973536,664.0628084973249,618.1577103633633,4590.428538491667,6.188985195410807,-0.593007775911413,5.17614973257383,5.636741780537296,12.0
dump.ni_fcc_r0.9_c8.2_8.5_7.2.000000,142.0,0.142,1.42,1.42,1.42,94.0,120.0,124.0,338.0,338.0,4.9558270434012615,875.1158074592361,779.6554817200173,710.2146263137046,3723.794664000001,6.07317608172014,-0.6915785271922759,5.099866427824199,5.389966833396901,10.0
dump.ni_fcc_r0.9_c8.2_8.5_7.2.001000,142.0,0.142,1.42,1.42,1.42,94.0,110.0,106.0,310.0,310.0,4.9558270434012615,870.4893519966672,748.7588421938059,693.7095522884,3701.6148669729723,6.054231269707514,-0.6771013975336291,5.093750200806762,5.422375759573851,10.0
dump.ni_fcc_r0.9_c8.2_8.5_7.2.002000,143.0,0.143,1.43,1.43,1.43,96.0,118.0,118.0,332.0,332.0,4.962844615959905,883.0748715074753,780.7779941371987,706.4688126770043,3740.249813511642,6.074208860824491,-0.6821890135210538,5.099866427824199,5.4136569496361036,10.0
dump.ni_fcc_r0.9_c8.2_8.5_7.2.003000,150.0,0.15,1.5,1.5,1.5,104.0,112.0,108.0,324.0,324.0,5.010635279096256,890.7859606450211,819.7591716682556,727.9748676867231,3644.568022837007,6.038574357924781,-0.6685274753127364,5.087596335232383,5.423725217597845,10.0
dump.ni_fcc_r0.9_c8.2_8.5_7.2.004000,142.0,0.142,1.42,1.42,1.42,100.0,106.0,114.0,320.0,320.0,4.9558270434012615,823.0006217003081,711.223133012986,666.4804706388188,3685.655767876514,6.029109241385348,-0.6768276658704226,5.087596335232383,5.417314823042187,10.0
dump.ni_fcc_r0.9_c8.2_8.5_7.2.005000,151.0,0.151,1.51,1.51,1.51,96.0,110.0,104.0,310.0,310.0,5.017279821714925,881.5231954657229,830.7453790970045,704.7910280862793,3650.308455425702,6.05149197414956,-0.6513382570620356,5.093750200806762,5.418846599724829,10.0
dump.ni_fcc_r0.9_c8.3_7.5_8.0.000000,146.0,0.146,1.46,1.46,1.46,90.0,82.0,94.0,266.0,266.0,4.983606607108338,749.5389717307194,692.9960389976466,677.2595098195789,4732.531451506029,6.237651853777448,-0.5924616269281491,5.198497031265827,5.713387384381862,12.0
dump.ni_fcc_r0.9_c8.3_7.5_8.0.001000,132.0,0.132,1.32,1.32,1.32,90.0,96.0,98.0,284.0,284.0,4.88280190938637,634.6842824906838,620.096922230943,583.0066740662525,4630.7190401576445,6.212572173789396,-0.5847262554414794,5.181783550292085,5.639339897285362,12.0
dump.ni_fcc_r0.9_c8.3_7.5_8.0.002000,151.0,0.151,1.51,1.51,1.51,94.0,96.0,86.0,276.0,276.0,5.017279821714925,750.8334554944481,728.0736479363493,714.6293204102622,4595.172127787229,6.218850917263606,-0.5488867486341165,5.181783550292085,5.655392422580444,12.0
dump.ni_fcc_r0.9_c8.3_7.5_8.0.003000,145.0,0.145,1.45,1.45,1.45,88.0,90.0,86.0,264.0,264.0,4.976733727920575,701.8251284989265,691.5362485167757,675.5213816049875,4473.450989303413,6.182262001792532,-0.6341573246006873,5.170483995038152,5.642692541264164,12.0
dump.ni_fcc_r0.9_c8.3_7.5_8.0.004000,141.0,0.141,1.41,1.41,1.41,86.0,78.0,80.0,244.0,244.0,4.948759876278167,679.7528541650689,646.7275378977536,599.9309554549075,4599.938562242293,6.203256262111726,-0.6195876946738554,5.181783550292085,5.632675375238737,12.0
dump.ni_fcc_r0.9_c8.3_7.5_8.0.005000,140.0,0.14,1.4,1.4,1.4,96.0,92.0,102.0,290.0,290.0,4.9416424086093045,682.1333914513185,670.9408721318281,638.9257364168529,4495.805868457796,6.176010052494867,-0.5717174254746884,5.17614973257383,5.619656156303945,12.0
dump.ni_fcc_r0.9_c8.3_8.1_7.4.000000,152.0,0.152,1.52,1.52,1.52,92.0,96.0,104.0,292.0,292.0,5.023880505646275,814.814114103059,773.1099363076145,734.8391074840632,5169.717089580957,6.380033061937199,-0.6513616756770335,5.241747015059643,5.769262691861153,14.0
dump.ni_fcc_r0.9_c8.3_8.1_7.4.001000,167.0,0.167,1.67,1.67,1.67,108.0,104.0,116.0,328.0,328.0,5.117993795716756,980.3454318160221,955.5273864239629,885.8756847540265,5043.991083290732,6.351169669227374,-0.6713706178091314,5.2257466737132034,5.775022361574847,14.0
dump.ni_fcc_r0.9_c8.3_8.1_7.4.002000,149.0,0.149,1.49,1.49,1.49,86.0,84.0,96.0,266.0,266.0,5.003946291045461,784.147796604388,724.7946860931113,712.9098662957898,5033.200715586312,6.353712229944877,-0.6497603724051899,5.2257466737132034,5.7726870868971405,14.0
dump.ni_fcc_r0.9_c8.3_8.1_7.4.003000,150.0,0.15,1.5,1.5,1.5,90.0,90.0,100.0,280.0,280.0,5.010635279096256,791.9116037601779,747.2740301068613,685.0543661329606,5116.713852600978,6.372138599956632,-0.6255400053874074,5.241747015059643,5.7632407387902695,14.0
dump.ni_fcc_r0.9_c8.3_8.1_7.4.004000,167.0,0.167,1.67,1.67,1.67,100.0,112.0,120.0,332.0,332.0,5.117993795716756,935.9378463310051,921.9181361989306,884.994316871262,5083.011668890098,6.354608451628799,-0.6693024281808517,5.231108616854585,5.766208401445829,14.0
dump.ni_fcc_r0.9_c8.3_8.1_7.4.005000,136.0,0.136,1.36,1.36,1.36,86.0,90.0,108.0,284.0,284.0,4.912654872136052,694.9289725100948,650.2451665641856,610.1640962198371,5046.670972047612,6.3427524137339555,-0.6237217415077261,5.2257466737132034,5.77084040511835,14.0
dump.ni_fcc_r0.9_c8.3_8.6_8.3.000000,157.0,0.157,1.57,1.57,1.57,108.0,108.0,120.0,336.0,336.0,5.056245789648308,885.6706115509786,861.8268056882773,803.8401623785786,4709.645915455872,6.267438635501976,-0.6581257337099014,5.198497031265827,5.728006941064204,12.0
dump.ni_fcc_r0.9_c8.3_8.6_8.3.001000,166.0,0.166,1.66,1.66,1.66,112.0,122.0,118.0,352.0,352.0,5.111987771756542,982.7415097500087,933.0482352276429,891.6921827331922,4616.107716805272,6.228923460266573,-0.6267066215502317,5.181783550292085,5.6439941509825955,12.0
dump.ni_fcc_r0.9_c8.3_8.6_8.3.002000,156.0,0.156,1.56,1.56,1.56,104.0,104.0,122.0,330.0,330.0,5.049855991649537,872.349804290114,865.8064042213567,802.8053299500679,4655.268657003613,6.257981642811713,-0.6343400070436656,5.192956850890212,5.721559408978171,12.0
dump.ni_fcc_r0.9_c8.3_8.6_8.3.003000,158.0,0.158,1.58,1.58,1.58,112.0,120.0,122.0,354.0,354.0,5.062595017226968,898.1236157096905,894.2180862186685,810.6203233880963,4554.639405749925,6.201774019705579,-0.6551759600570612,5.181783550292085,5.636225429752723,12.0
dump.ni_fcc_r0.9_c8.3_8.6_8.3.004000,163.0,0.163,1.63,1.63,1.63,116.0,108.0,132.0,356.0,356.0,5.093750184506762,955.9709461985381,923.3628462683994,868.6416676557616,4614.884893574249,6.242766167316419,-0.6437963246951255,5.187385805840755,5.643384516348051,12.0
dump.ni_fcc_r0.9_c8.3_8.6_8.3.005000,157.0,0.157,1.57,1.57,1.57,114.0,118.0,124.0,356.0,356.0,5.056245789648308,879.239525045767,864.7770311854723,803.1936348515628,4659.2547856555375,6.2510552690613475,-0.6251276800038812,5.192956850890212,5.719081651650425,12.0
dump.ni_fcc_r0.9_c8.4_7.9_8.5.000000,142.0,0.142,1.42,1.42,1.42,100.0,106.0,112.0,318.0,318.0,4.9558270434012615,732.6524027768629,712.3221359086251,675.0817993426814,4909.906859347219,6.330486457851901,-0.7553788816103699,5.220355825078324,5.771597481244168,14.0
dump.ni_fcc_r0.9_c8.4_7.9_8.5.001000,135.0,0.135,1.35,1.35,1.35,106.0,114.0,110.0,330.0,330.0,4.90527476493843,695.8675633993716,666.6377363911204,623.0354409502494,4759.347033964267,6.278437570560362,-0.781527837062407,5.192956850890212,5.732466204105393,14.0
dump.ni_fcc_r0.9_c8.4_7.9_8.5.002000,144.0,0.144,1.44,1.44,1.44,94.0,90.0,92.0,276.0,276.0,4.969813285176,731.0622140565735,696.5839676126462,680.0482627752247,4969.939165972589,6.332187818280994,-0.7606713479184579,5.220355825078324,5.785480810698285,14.0
dump.ni_fcc_r0.9_c8.4_7.9_8.5.003000,147.0,0.147,1.47,1.47,1.47,94.0,96.0,94.0,284.0,284.0,4.990432572078737,749.7601781335898,733.0732262484975,676.4591126247155,4765.766714939182,6.281282219169473,-0.7509134555542194,5.204006687076794,5.715707000970094,14.0
dump.ni_fcc_r0.9_c8.4_7.9_8.5.004000,132.0,0.132,1.32,1.32,1.32,100.0,108.0,102.0,310.0,310.0,4.88280190938637,662.2340490781496,630.8387930900894,604.4877638923671,4727.191580352157,6.287291699080442,-0.7276605094626962,5.198497031265827,5.723529092095924,14.0
dump.ni_fcc_r0.9_c8.4_7.9_8.5.005000,142.0,0.142,1.42,1.42,1.42,104.0,120.0,116.0,340.0,340.0,4.9558270434012615,765.621131675692,749.2129103375255,664.2363805219937,4759.850583225939,6.280681246973822,-0.7657884145069414,5.204006687076794,5.7124541637026125,14.0
dump.ni_fcc_r0.9_c8.4_8.5_7.3.000000,145.0,0.145,1.45,1.45,1.45,138.0,138.0,136.0,412.0,412.0,4.976733727920575,799.7402962307276,783.8378272552071,773.1942903071691,4113.028005662985,6.028863362937882,-0.6485423866766293,5.111987788356544,5.456066748291773,10.0
dump.ni_fcc_r0.9_c8.4_8.5_7.3.001000,144.0,0.144,1.44,1.44,1.44,96.0,96.0,112.0,304.0,304.0,4.969813285176,732.1994922956475,707.5010794828407,700.1466504437334,4234.378218139893,6.076362767605418,-0.6657156951234047,5.129898714923071,5.458535191903188,10.0
dump.ni_fcc_r0.9_c8.4_8.5_7.3.002000,145.0,0.145,1.45,1.45,1.45,98.0,104.0,114.0,316.0,316.0,4.976733727920575,750.9531311115747,733.3016772461043,716.4348468147347,4077.2214670733492,6.0404806254908054,-0.6752599397926158,5.111987788356544,5.4746705119994195,10.0
dump.ni_fcc_r0.9_c8.4_8.5_7.3.003000,136.0,0.136,1.36,1.36,1.36,98.0,104.0,108.0,310.0,310.0,4.912654872136052,687.8580360920105,670.1146456691296,652.5714358859191,4195.072962589013,6.049207327305814,-0.6616452966264981,5.1179938124167546,5.476703877786103,10.0
dump.ni_fcc_r0.9_c8.4_8.5_7.3.004000,144.0,0.144,1.44,1.44,1.44,102.0,102.0,102.0,306.0,306.0,4.969813285176,737.3529823092492,709.1933451647045,691.4258947482687,4048.1826290465447,6.016624594800622,-0.6787244526832295,5.099866427824199,5.405188773027921,10.0
dump.ni_fcc_r0.9_c8.4_8.5_7.3.005000,154.0,0.154,1.54,1.54,1.54,102.0,116.0,114.0,332.0,332.0,5.03695258701363,826.3147737312114,819.2873562249555,803.1770908230533,4022.333912388733,6.001086982308294,-0.7177827110633848,5.087596335232383,5.42008872134702,10.0
dump.ni_fcc_r0.9_c8.5_7.5_8.7.000000,156.0,0.156,1.56,1.56,1.56,106.0,124.0,122.0,352.0,352.0,5.049855991649537,865.3646076604394,840.7174408044043,811.5846182018234,4235.192320310226,6.069455294070392,-0.6787089812450295,5.129898714923071,5.465691187726389,10.0
dump.ni_fcc_r0.9_c8.5_7.5_8.7.001000,147.0,0.147,1.47,1.47,1.47,130.0,134.0,140.0,404.0,404.0,4.990432572078737,835.3887019944664,805.9839826871058,766.9538459306724,4124.044353189734,6.030165442993003,-0.7016616156591566,5.10594547390058,5.486221656888607,10.0
dump.ni_fcc_r0.9_c8.5_7.5_8.7.002000,152.0,0.152,1.52,1.52,1.52,84.0,90.0,90.0,264.0,264.0,5.023880505646275,756.7133005723424,729.696591139411,718.5243188145624,4228.255427814456,6.061721728771978,-0.6699747581643729,5.12396397940326,5.467671413868544,10.0
dump.ni_fcc_r0.9_c8.5_7.5_8.7.003000,149.0,0.149,1.49,1.49,1.49,142.0,146.0,142.0,430.0,430.0,5.003946291045461,878.4232314330286,821.6517362253397,793.5357705966651,4064.2206788083836,6.012683494920171,-0.6851168142702377,5.10594547390058,5.469581446428823,10.0
dump.ni_fcc_r0.9_c8.5_7.5_8.7.004000,155.0,0.155,1.55,1.55,1.55,106.0,112.0,112.0,330.0,330.0,5.0434251014192455,840.5877137136539,812.3381174303615,782.7644914366297,4054.8388060445395,6.016758270664169,-0.6775289412729011,5.10594547390058,5.475997692703643,10.0
dump.ni_fcc_r0.9_c8.5_7.5_8.7.005000,141.0,0.141,1.41,1.41,1.41,114.0,112.0,110.0,336.0,336.0,4.948759876278167,741.0085305294234,719.6292763676743,698.0855973582214,4094.342572049548,6.0189237288258015,-0.6989592214169824,5.10594547390058,5.478438161118537,10.0
dump.ni_fcc_r0.9_c8.5_8.9_7.4.000000,161.0,0.161,1.61,1.61,1.61,102.0,106.0,106.0,314.0,314.0,5.081404348884462,868.8665334145854,840.9447311238232,807.4061267659391,4495.626672691532,6.183703888832724,-0.8334627319042762,5.159055299214527,5.598994607169083,13.0
dump.ni_fcc_r0.9_c8.5_8.9_7.4.001000,160.0,0.16,1.6,1.6,1.6,108.0,112.0,110.0,330.0,330.0,5.075173799233826,862.0039740991344,843.9037273243973,833.8422985764681,4687.39550776869,6.212501811806775,-0.8381427555110883,5.181783550292085,5.661108023186205,13.0
dump.ni_fcc_r0.9_c8.5_8.9_7.4.002000,154.0,0.154,1.54,1.54,1.54,94.0,106.0,102.0,302.0,302.0,5.03695258701363,812.778190058083,765.3535197923727,760.5306278118821,4559.584052575057,6.187628039963206,-0.8334614961863336,5.1647859739235145,5.667297367014858,13.0
dump.ni_fcc_r0.9_c8.5_8.9_7.4.003000,145.0,0.145,1.45,1.45,1.45,98.0,90.0,104.0,292.0,292.0,4.976733727920575,752.0482862890685,687.1688855981598,676.9207591472544,4583.3061542227,6.190841044069862,-0.824629142631665,5.170483995038152,5.658967517037407,13.0
dump.ni_fcc_r0.9_c8.5_8.9_7.4.004000,153.0,0.153,1.53,1.53,1.53,108.0,110.0,120.0,338.0,338.0,5.030437906092434,829.7713185986825,803.221769041751,776.1310953661026,4587.138999934257,6.201529777412608,-0.8148644568642296,5.17614973257383,5.656900290239828,13.0
dump.ni_fcc_r0.9_c8.5_8.9_7.4.005000,155.0,0.155,1.55,1.55,1.55,104.0,104.0,110.0,318.0,318.0,5.0434251014192455,849.4223213377804,810.3530860616028,784.61168937481,4468.983791734428,6.18041484076981,-0.8312991658440048,5.159055299214527,5.58908324849239,13.0
dump.ni_fcc_r0.9_c8.6_7.6_8.3.000000,147.0,0.147,1.47,1.47,1.47,80.0,80.0,88.0,248.0,248.0,4.990432572078737,722.0710622853408,694.749708184358,674.907120686764,4249.373342780387,6.079964044723864,-0.7373008319103458,5.12396397940326,5.526087387838977,10.0
dump.ni_fcc_r0.9_c8.6_7.6_8.3.001000,156.0,0.156,1.56,1.56,1.56,122.0,120.0,120.0,362.0,362.0,5.049855991649537,875.2580494630881,850.4953950541711,823.7209144570998,4173.955613140983,6.057337872260502,-0.7363208145738382,5.1179938124167546,5.49289053851101,10.0
dump.ni_fcc_r0.9_c8.6_7.6_8.3.002000,155.0,0.155,1.55,1.55,1.55,122.0,132.0,132.0,386.0,386.0,5.0434251014192455,892.3032870869886,861.1383788176154,853.7841405470087,4146.8394621672805,6.051776093763551,-0.7381648570907422,5.099866427824199,5.421023197025118,10.0
dump.ni_fcc_r0.9_c8.6_7.6_8.3.003000,136.0,0.136,1.36,1.36,1.36,100.0,104.0,100.0,304.0,304.0,4.912654872136052,684.7341791878861,667.6590830506852,658.6067377614285,4114.0953251024075,6.031776871772159,-0.746318851975702,5.10594547390058,5.527160285203582,10.0
dump.ni_fcc_r0.9_c8.6_7.6_8.3.004000,148.0,0.148,1.48,1.48,1.48,114.0,118.0,114.0,346.0,346.0,4.997212258964115,796.2836077545867,779.2332268257213,757.3210032575303,4077.233267937881,6.033511841977053,-0.7510290338997985,5.10594547390058,5.505466081613048,10.0
dump.ni_fcc_r0.9_c8.6_7.6_8.3.005000,158.0,0.158,1.58,1.58,1.58,120.0,136.0,150.0,406.0,406.0,5.062595017226968,941.8375708166467,906.8984292438392,863.5804556357166,4106.04260559166,6.02306050062798,-0.7436509062394117,5.10594547390058,5.510095104056642,10.0
dump.ni_fcc_r0.9_c8.6_7.7_7.9.000000,164.0,0.164,1.64,1.64,1.64,90.0,102.0,110.0,302.0,302.0,5.099866411424199,903.0290892660579,884.4307912045113,829.8815829440647,4986.795790566021,6.327065405720389,-0.5843558305736969,5.2257466737132034,5.77006695402693,13.0
dump.ni_fcc_r0.9_c8.6_7.7_7.9.001000,144.0,0.144,1.44,1.44,1.44,92.0,100.0,96.0,288.0,288.0,4.969813285176,739.7189630757798,676.9776740551982,662.733918424578,4858.087897875187,6.295760041565046,-0.5861654961916791,5.2094861528414205,5.719387417811165,13.0
dump.ni_fcc_r0.9_c8.6_7.7_7.9.002000,149.0,0.149,1.49,1.49,1.49,88.0,98.0,92.0,278.0,278.0,5.003946291045461,764.9358242425398,745.4912605853204,692.2037876553616,4986.398722272899,6.342414710959706,-0.5511266292940413,5.231108616854585,5.769554628913724,13.0
dump.ni_fcc_r0.9_c8.6_7.7_7.9.003000,153.0,0.153,1.53,1.53,1.53,98.0,104.0,108.0,310.0,310.0,5.030437906092434,832.8484598618029,803.9346942869233,724.6286105571561,4883.209706080705,6.3051641032708705,-0.5221057538130554,5.220355825078324,5.762045058303715,13.0
dump.ni_fcc_r0.9_c8.6_7.7_7.9.004000,152.0,0.152,1.52,1.52,1.52,100.0,102.0,110.0,312.0,312.0,5.023880505646275,796.7681122406426,792.1046581969526,766.8509137729317,4794.929590824424,6.285537881212817,-0.5951463141089457,5.2094861528414205,5.707337250522988,13.0
dump.ni_fcc_r0.9_c8.6_7.7_7.9.005000,155.0,0.155,1.55,1.55,1.55,100.0,98.0,106.0,304.0,304.0,5.0434251014192455,825.4904890772254,802.2927739216182,755.9070595818013,4828.17451588814,6.284368102791068,-0.5754750404608959,5.2094861528414205,5.705125540487761,13.0
dump.ni_fcc_r0.9_c8.6_8.9_7.2.000000,149.0,0.149,1.49,1.49,1.49,102.0,98.0,110.0,310.0,310.0,5.003946291045461,777.5633716371385,761.8922573104475,723.3900086363072,3937.1451604672948,6.049338037702896,-0.6630351257478573,5.10594547390058,5.508499883500792,10.0
dump.ni_fcc_r0.9_c8.6_8.9_7.2.001000,128.0,0.128,1.28,1.28,1.28,80.0,70.0,88.0,238.0,238.0,4.852030251119617,608.2951862784437,567.9283823551442,539.1826813664121,3986.551544761898,6.065181539314222,-0.6445256208233983,5.111987788356544,5.501737251330652,10.0
dump.ni_fcc_r0.9_c8.6_8.9_7.2.002000,150.0,0.15,1.5,1.5,1.5,92.0,104.0,104.0,300.0,300.0,5.010635279096256,800.3419127699408,778.4418229865717,724.0162642434882,3871.6835804917387,6.03890792558784,-0.6566475246923238,5.093750200806762,5.435878615100251,10.0
dump.ni_fcc_r0.9_c8.6_8.9_7.2.003000,131.0,0.131,1.31,1.31,1.31,80.0,82.0,86.0,248.0,248.0,4.875197310101152,645.6365229280572,600.6603432451253,540.4206910787261,3813.7638663163284,6.031128500656692,-0.649109247062984,5.093750200806762,5.419955212921012,10.0
dump.ni_fcc_r0.9_c8.6_8.9_7.2.004000,144.0,0.144,1.44,1.44,1.44,90.0,86.0,100.0,276.0,276.0,4.969813285176,734.8940741673739,680.0887406095062,672.5449630008975,3874.783397955886,6.017630515636075,-0.6689212367931248,5.093750200806762,5.420210124077411,10.0
dump.ni_fcc_r0.9_c8.6_8.9_7.2.005000,140.0,0.14,1.4,1.4,1.4,88.0,90.0,102.0,280.0,280.0,4.9416424086093045,734.6503800102064,674.7517660325958,635.0978539571978,3747.2199414789957,5.991719361990063,-0.6280472358725708,5.0751738152338275,5.429331677758805,10.0
dump.ni_fcc_r0.9_c8.7_8.4_8.2.000000,155.0,0.155,1.55,1.55,1.55,92.0,112.0,114.0,318.0,318.0,5.0434251014192455,911.3890185240912,846.5014156470766,757.6450496997993,4436.69189246025,6.237539312175801,-0.6882922389335642,5.170483995038152,5.722207488210396,12.0
dump.ni_fcc_r0.9_c8.7_8.4_8.2.001000,154.0,0.154,1.54,1.54,1.54,84.0,100.0,104.0,288.0,288.0,5.03695258701363,876.1930768470984,803.9008471378595,740.9839980929639,4429.637739187737,6.230777817577763,-0.6460168790574499,5.170483995038152,5.692435495350316,12.0
dump.ni_fcc_r0.9_c8.7_8.4_8.2.002000,148.0,0.148,1.48,1.48,1.48,86.0,100.0,106.0,292.0,292.0,4.997212258964115,825.3235105758218,763.9635899969451,683.5101967245307,4351.898989620045,6.219658940186176,-0.6564885946192023,5.1647859739235145,5.697380091405468,12.0
dump.ni_fcc_r0.9_c8.7_8.4_8.2.003000,151.0,0.151,1.51,1.51,1.51,82.0,98.0,102.0,282.0,282.0,5.017279821714925,845.5347134048446,771.2087890532908,693.0578220451755,4479.319161224378,6.237019758033152,-0.6634605619990048,5.17614973257383,5.6886275251177345,12.0
dump.ni_fcc_r0.9_c8.7_8.4_8.2.004000,147.0,0.147,1.47,1.47,1.47,90.0,108.0,108.0,306.0,306.0,4.990432572078737,846.0587237827135,780.0987464837187,686.9853868764247,4353.758923883084,6.210545208875026,-0.6574481455993104,5.1647859739235145,5.681357318288096,12.0
dump.ni_fcc_r0.9_c8.7_8.4_8.2.005000,150.0,0.15,1.5,1.5,1.5,84.0,100.0,106.0,290.0,290.0,5.010635279096256,840.0424275648413,771.6231789780155,714.0677267904761,4370.467219904091,6.211969042881234,-0.6672315973208254,5.159055299214527,5.61833082134976,12.0
dump.ni_fcc_r0.9_c8.7_8.6_7.2.000000,143.0,0.143,1.43,1.43,1.43,78.0,100.0,100.0,278.0,278.0,4.962844615959905,787.9662157611123,715.1293324286405,650.7785776843737,4475.7801250966195,6.241351916187797,-0.670511618358475,5.17614973257383,5.716375641305089,12.0
dump.ni_fcc_r0.9_c8.7_8.6_7.2.001000,154.0,0.154,1.54,1.54,1.54,96.0,106.0,110.0,312.0,312.0,5.03695258701363,861.9133018029364,775.9651980396876,739.9656560015313,4408.464670641173,6.218619420497294,-0.6252463612808441,5.1647859739235145,5.693184776776893,12.0
dump.ni_fcc_r0.9_c8.7_8.6_7.2.002000,155.0,0.155,1.55,1.55,1.55,106.0,112.0,112.0,330.0,330.0,5.0434251014192455,948.511484637398,863.6928134341971,788.9827987025986,4429.779424507958,6.244786648451631,-0.6731724566708053,5.170483995038152,5.70123181294781,12.0
dump.ni_fcc_r0.9_c8.7_8.6_7.2.003000,153.0,0.153,1.53,1.53,1.53,86.0,102.0,104.0,292.0,292.0,5.030437906092434,859.7775723245161,798.973138695563,734.2427530322083,4392.673200659221,6.215044481788014,-0.6524316659708056,5.1647859739235145,5.6978082563826336,12.0
dump.ni_fcc_r0.9_c8.7_8.6_7.2.004000,152.0,0.152,1.52,1.52,1.52,86.0,104.0,106.0,296.0,296.0,5.023880505646275,875.8436869754759,788.8058810728095,725.2714845832932,4338.284499296716,6.2033668641344155,-0.6461744540983769,5.159055299214527,5.608696818692785,12.0
dump.ni_fcc_r0.9_c8.7_8.6_7.2.005000,147.0,0.147,1.47,1.47,1.47,90.0,98.0,108.0,296.0,296.0,4.990432572078737,861.3531430010445,800.5523835287767,675.6727047626953,4287.551101796438,6.195194641980151,-0.6484489700630278,5.153291594497778,5.615682278087844,12.0
dump.ni_fcc_r0.9_c8.8_7.7_7.3.000000,160.0,0.16,1.6,1.6,1.6,100.0,100.0,112.0,312.0,312.0,5.075173799233826,876.0,876.0,856.0,5794.648648,6.525085610210642,-0.8346749714133117,5.278114659230518,5.977584984469006,16.0
dump.ni_fcc_r0.9_c8.8_7.7_7.3.001000,177.0,0.177,1.77,1.77,1.77,120.0,120.0,116.0,356.0,356.0,5.176149714873828,1046.595012451382,1022.564278271426,1001.8237601246498,5993.688192891134,6.560535994056686,-0.7945727886743339,5.308267697401204,5.950483419156761,16.0
dump.ni_fcc_r0.9_c8.8_7.7_7.3.002000,168.0,0.168,1.68,1.68,1.68,110.0,112.0,96.0,318.0,318.0,5.123963962603259,951.6373340245315,937.5383712370303,917.4314375955811,5801.359462969125,6.531095329816861,-0.8266675560582075,5.283203728737988,5.933429712303574,16.0
dump.ni_fcc_r0.9_c8.8_7.7_7.3.003000,160.0,0.16,1.6,1.6,1.6,90.0,90.0,92.0,272.0,272.0,5.075173799233826,842.1211434309579,827.3147149432937,816.5141416257483,5841.405637512822,6.528597323775656,-0.7881522653481436,5.293304824724493,5.90007244500102,16.0
dump.ni_fcc_r0.9_c8.8_7.7_7.3.004000,148.0,0.148,1.48,1.48,1.48,104.0,106.0,108.0,318.0,318.0,4.997212258964115,776.9623476573439,757.1555990627204,727.2739451718268,5687.9371412769615,6.506650793105004,-0.7770839842980228,5.288267030694538,5.902766145980657,16.0
dump.ni_fcc_r0.9_c8.8_7.7_7.3.005000,159.0,0.159,1.59,1.59,1.59,94.0,96.0,92.0,282.0,282.0,5.068904186320232,854.7156757369152,833.4055475982303,797.2875816963008,5817.75308913749,6.51875400199225,-0.7799780807528283,5.288267030694538,5.907364599173495,16.0
dump.ni_fcc_r0.9_c8.8_8.7_7.2.000000,174.0,0.174,1.74,1.74,1.74,124.0,120.0,118.0,362.0,362.0,5.1590552818145285,1085.6702033892482,1041.057895460808,999.5017862074158,5794.648648,6.530663961184555,-0.8297440595536769,5.283203728737988,5.955571356027642,16.0
dump.ni_fcc_r0.9_c8.8_8.7_7.2.001000,166.0,0.166,1.66,1.66,1.66,92.0,100.0,92.0,284.0,284.0,5.111987771756542,908.8037177846352,880.3861962490124,871.8221341591235,5781.507500032036,6.5269865177098945,-0.8148141143426537,5.283203728737988,5.93243612442623,16.0
dump.ni_fcc_r0.9_c8.8_8.7_7.2.002000,158.0,0.158,1.58,1.58,1.58,92.0,106.0,104.0,302.0,302.0,5.062595017226968,873.6004516702559,834.6155348424468,800.201735006284,5843.804455758265,6.541298212529186,-0.8098462221257341,5.288267030694538,5.9280410697265955,16.0
dump.ni_fcc_r0.9_c8.8_8.7_7.2.003000,163.0,0.163,1.63,1.63,1.63,94.0,98.0,102.0,294.0,294.0,5.093750184506762,876.2743044153284,862.526210705649,829.0767854925195,5727.959815130245,6.514648894911491,-0.821072724660695,5.278114659230518,5.944671351913224,16.0
dump.ni_fcc_r0.9_c8.8_8.7_7.2.004000,156.0,0.156,1.56,1.56,1.56,90.0,94.0,90.0,274.0,274.0,5.049855991649537,814.637276284335,801.1729633266073,773.1000167993137,5756.526019604787,6.5118003616223294,-0.8071730611991761,5.283203728737988,5.9199049733090545,16.0
dump.ni_fcc_r0.9_c8.8_8.7_7.2.005000,166.0,0.166,1.66,1.66,1.66,110.0,100.0,114.0,324.0,324.0,5.111987771756542,931.6771286358927,926.588077115503,901.0480472606528,5794.793056025119,6.5321701583654725,-0.7847046999424707,5.288267030694538,5.925226271277991,16.0
dump.ni_fcc_r0.9_c8.9_7.3_7.2.000000,139.0,0.139,1.39,1.39,1.39,94.0,92.0,102.0,288.0,288.0,4.934473919230692,698.2998792985765,683.3486739786965,674.8694323342377,5175.445192810421,6.396577512434813,-0.7214973291145128,5.236441962829949,5.772852286737287,14.0
dump.ni_fcc_r0.9_c8.9_7.3_7.2.001000,162.0,0.162,1.62,1.62,1.62,108.0,102.0,150.0,360.0,360.0,5.087596319032384,1008.4961332456313,949.7789393776484,931.5644335495601,5179.434697517037,6.39268323253057,-0.6806825315931726,5.236441962829949,5.7846332532613705,14.0
dump.ni_fcc_r0.9_c8.9_7.3_7.2.002000,156.0,0.156,1.56,1.56,1.56,90.0,96.0,108.0,294.0,294.0,5.049855991649537,833.6153207421725,824.6339229340388,754.7635768366094,5079.217916179321,6.372772569157157,-0.7137111402842646,5.2257466737132034,5.79126546306196,14.0
dump.ni_fcc_r0.9_c8.9_7.3_7.2.003000,163.0,0.163,1.63,1.63,1.63,112.0,110.0,136.0,358.0,358.0,5.093750184506762,991.7806783643116,928.0985909523188,912.7833073704862,5240.086342698472,6.401384828846547,-0.7360846655959561,5.247024072160485,5.844808572919832,14.0
dump.ni_fcc_r0.9_c8.9_7.3_7.2.004000,139.0,0.139,1.39,1.39,1.39,96.0,106.0,110.0,312.0,312.0,4.934473919230692,737.4845503910988,678.5579678786636,655.7560428813166,4880.196681097591,6.318047164172564,-0.6820069824911594,5.2094861528414205,5.722814227484574,14.0
dump.ni_fcc_r0.9_c8.9_7.3_7.2.005000,144.0,0.144,1.44,1.44,1.44,102.0,106.0,116.0,324.0,324.0,4.969813285176,795.6860365307954,711.2612989979491,703.6498866934777,5056.2099592751465,6.353593815599102,-0.7322471243310233,5.2257466737132034,5.769235358438589,14.0
dump.ni_fcc_r0.9_c8.9_7.4_8.4.000000,156.0,0.156,1.56,1.56,1.56,102.0,114.0,110.0,326.0,326.0,5.049855991649537,874.2218700485794,856.0541148315608,791.5701689660141,4889.862390434019,6.331814461464095,-0.7492606832310975,5.220355825078324,5.771597481244168,14.0
dump.ni_fcc_r0.9_c8.9_7.4_8.4.001000,139.0,0.139,1.39,1.39,1.39,84.0,96.0,98.0,278.0,278.0,4.934473919230692,710.8248584312088,685.4406488098351,618.8424064280204,4791.399832470924,6.303623174518505,-0.7274113848715293,5.2094861528414205,5.721819705252914,14.0
dump.ni_fcc_r0.9_c8.9_7.4_8.4.002000,144.0,0.144,1.44,1.44,1.44,82.0,88.0,84.0,254.0,254.0,4.969813285176,724.82957805,685.9364062068705,657.095126854241,4973.377474827777,6.346490063420675,-0.710011426993364,5.2257466737132034,5.78051070456229,14.0
dump.ni_fcc_r0.9_c8.9_7.4_8.4.003000,146.0,0.146,1.46,1.46,1.46,96.0,100.0,102.0,298.0,298.0,4.983606607108338,759.933478817384,735.0970979963779,696.2159985287044,4704.238370318532,6.2652580437548675,-0.7419275633328333,5.187385805840755,5.672915517047426,14.0
dump.ni_fcc_r0.9_c8.9_7.4_8.4.004000,140.0,0.14,1.4,1.4,1.4,92.0,98.0,100.0,290.0,290.0,4.9416424086093045,691.4863548906384,683.2929443559385,650.406415039137,4864.300160700789,6.31880068465919,-0.7092937121072747,5.214935757608987,5.72380105213366,14.0
dump.ni_fcc_r0.9_c8.9_7.4_8.4.005000,148.0,0.148,1.48,1.48,1.48,96.0,108.0,104.0,308.0,308.0,4.997212258964115,803.8969596178439,787.311474730757,681.7915656513986,4783.358792901034,6.292358719925915,-0.7524483689347128,5.2094861528414205,5.71764696294929,14.0
dump.ni_fcc_r0.9_c8.9_7.5_8.6.000000,139.0,0.139,1.39,1.39,1.39,92.0,96.0,104.0,292.0,292.0,4.934473919230692,703.1543592752676,691.1941177622683,629.7378538977163,4955.150163027958,6.339721618923082,-0.7543825847231203,5.2257466737132034,5.773457728400561,14.0
dump.ni_fcc_r0.9_c8.9_7.5_8.6.001000,140.0,0.14,1.4,1.4,1.4,108.0,122.0,118.0,348.0,348.0,4.9416424086093045,755.050641408071,733.9921389447186,659.7572196472101,4786.955908309017,6.308137746728926,-0.7184974355052716,5.2094861528414205,5.729432579623132,14.0
dump.ni_fcc_r0.9_c8.9_7.5_8.6.002000,129.0,0.129,1.29,1.29,1.29,96.0,100.0,104.0,300.0,300.0,4.859812391461672,632.5718862457372,624.1980291933943,563.8502395996284,4615.020463835747,6.285078207601221,-0.7028280539414009,5.192956850890212,5.7304322283443145,14.0
dump.ni_fcc_r0.9_c8.9_7.5_8.6.003000,138.0,0.138,1.38,1.38,1.38,98.0,104.0,106.0,308.0,308.0,4.927253671357204,697.0064209951038,679.009816820027,654.6069505906664,4893.344764120012,6.318292131876852,-0.739157461123574,5.214935757608987,5.732436659368649,14.0
dump.ni_fcc_r0.9_c8.9_7.5_8.6.004000,148.0,0.148,1.48,1.48,1.48,96.0,104.0,104.0,304.0,304.0,4.997212258964115,792.199857764138,777.7824962362791,673.6122405941779,4771.426164619677,6.305644203471468,-0.7458219894047731,5.2094861528414205,5.725839249296646,14.0
dump.ni_fcc_r0.9_c8.9_7.5_8.6.005000,142.0,0.142,1.42,1.42,1.42,84.0,90.0,96.0,270.0,270.0,4.9558270434012615,738.2629965148938,700.100808079599,636.4671813210003,4752.50680498637,6.279368679806876,-0.747656814694214,5.198497031265827,5.721277961411076,14.0
dump.ni_fcc_r0.9_c8.9_7.8_8.4.000000,152.0,0.152,1.52,1.52,1.52,104.0,108.0,108.0,320.0,320.0,5.023880505646275,841.0882302360197,809.2296791496962,766.2741958774421,4567.27150231707,6.176672281057374,-0.6006159529844322,5.17614973257383,5.659924736828513,11.0
dump.ni_fcc_r0.9_c8.9_7.8_8.4.001000,153.0,0.153,1.53,1.53,1.53,96.0,98.0,98.0,292.0,292.0,5.030437906092434,782.1320210421027,763.7217573648485,750.0155026388005,4323.549966414686,6.107319880733688,-0.6053274484133033,5.13579843705026,5.582651275967011,11.0
dump.ni_fcc_r0.9_c8.9_7.8_8.4.002000,134.0,0.134,1.34,1.34,1.34,86.0,92.0,86.0,264.0,264.0,4.897839786550913,633.696613699307,628.2490546276331,566.740898837239,4306.29133003844,6.132741343456931,-0.605142815378886,5.147494476813454,5.580235587550456,11.0
dump.ni_fcc_r0.9_c8.9_7.8_8.4.003000,132.0,0.132,1.32,1.32,1.32,80.0,84.0,94.0,258.0,258.0,4.88280190938637,609.7255552966932,602.4468586717247,553.5397072437039,4247.703307110446,6.122771546383975,-0.5605081150174298,5.147494476813454,5.566871839367796,11.0
dump.ni_fcc_r0.9_c8.9_7.8_8.4.004000,143.0,0.143,1.43,1.43,1.43,84.0,94.0,94.0,272.0,272.0,4.962844615959905,708.1766147141659,679.8650643959542,663.5667124982712,4158.777392529807,6.087519568282426,-0.602513323406694,5.12396397940326,5.491995085808564,11.0
dump.ni_fcc_r0.9_c8.9_7.8_8.4.005000,152.0,0.152,1.52,1.52,1.52,108.0,138.0,122.0,368.0,368.0,5.023880505646275,857.7282788540402,824.4250617568176,797.2545541259843,4266.786269561584,6.099327364762815,-0.6625875568803914,5.129898714923071,5.489705925546322,11.0
dump.ni_fcc_r0.9_c8.9_8.3_8.7.000000,143.0,0.143,1.43,1.43,1.43,78.0,100.0,100.0,278.0,278.0,4.962844615959905,787.966215761112,715.1293324286397,650.7785776843737,4475.780125096619,6.241351916187796,-0.670511618358486,5.17614973257383,5.716375641305089,12.0
dump.ni_fcc_r0.9_c8.9_8.3_8.7.001000,153.0,0.153,1.53,1.53,1.53,100.0,108.0,112.0,320.0,320.0,5.030437906092434,884.2520810813171,824.3844929742465,754.6575435914954,4521.503361675995,6.244711576698691,-0.6512996818356034,5.181783550292085,5.678755490833711,12.0
dump.ni_fcc_r0.9_c8.9_8.3_8.7.002000,153.0,0.153,1.53,1.53,1.53,92.0,114.0,112.0,318.0,318.0,5.030437906092434,887.3440768753986,854.9995438476113,745.8916733946368,4382.065533689017,6.208782857341371,-0.6646436310888646,5.1647859739235145,5.694250442800405,12.0
dump.ni_fcc_r0.9_c8.9_8.3_8.7.003000,151.0,0.151,1.51,1.51,1.51,94.0,104.0,108.0,306.0,306.0,5.017279821714925,871.4304899070219,813.9604738531422,727.562678623942,4277.046314333084,6.186252356889019,-0.6319532403894601,5.153291594497778,5.62047597850155,12.0
dump.ni_fcc_r0.9_c8.9_8.3_8.7.004000,158.0,0.158,1.58,1.58,1.58,98.0,108.0,116.0,322.0,322.0,5.062595017226968,923.6800559386738,881.9364559701551,787.0670323949695,4498.957072678201,6.232667543624381,-0.6124221280376241,5.181783550292085,5.670814076349867,12.0
dump.ni_fcc_r0.9_c8.9_8.3_8.7.005000,157.0,0.157,1.57,1.57,1.57,98.0,112.0,110.0,320.0,320.0,5.056245789648308,906.9270458681373,853.9262318272168,812.4206076549635,4398.733824080106,6.189897048890881,-0.6784073293260771,5.159055299214527,5.600227771188267,12.0
dump.ni_fcc_r0.9_c9.0_7.1_7.4.000000,145.0,0.145,1.45,1.45,1.45,102.0,98.0,128.0,328.0,328.0,4.976733727920575,813.810499860607,753.178303436266,750.0870587720925,4297.4976379216205,6.086300234506248,-0.7067359239827291,5.13579843705026,5.558647748024494,10.0
dump.ni_fcc_r0.9_c9.0_7.1_7.4.001000,150.0,0.15,1.5,1.5,1.5,124.0,124.0,124.0,372.0,372.0,5.010635279096256,826.2292880931975,801.1888354983091,787.7685430751592,4147.978222656988,6.025952025669405,-0.6903343960487636,5.10594547390058,5.479232476497872,10.0
dump.ni_fcc_r0.9_c9.0_7.1_7.4.002000,143.0,0.143,1.43,1.43,1.43,118.0,120.0,120.0,358.0,358.0,4.962844615959905,767.6610361825959,744.8170642862425,720.9764449857074,3948.9541066825286,5.9927881139004615,-0.7000273483552699,5.081404364984463,5.429783151362026,10.0
dump.ni_fcc_r0.9_c9.0_7.1_7.4.003000,144.0,0.144,1.44,1.44,1.44,112.0,120.0,114.0,346.0,346.0,4.969813285176,774.7533108279363,735.9905382248953,715.6311509471681,4141.894845080556,6.044768459702419,-0.7392926390521861,5.111987788356544,5.48693599290838,10.0
dump.ni_fcc_r0.9_c9.0_7.1_7.4.004000,147.0,0.147,1.47,1.47,1.47,118.0,110.0,114.0,342.0,342.0,4.990432572078737,791.1564472825557,768.8568659170269,759.415258228989,4074.447342483231,6.022383369433408,-0.6588635495674691,5.10594547390058,5.469414854736088,10.0
dump.ni_fcc_r0.9_c9.0_7.1_7.4.005000,134.0,0.134,1.34,1.34,1.34,92.0,86.0,110.0,288.0,288.0,4.897839786550913,702.1117113465177,654.3367574340621,614.1634715179279,4016.5124931095784,6.025246311664001,-0.7180355640489182,5.099866427824199,5.4153766915593256,10.0
dump.ni_fcc_r0.9_c9.0_8.3_7.0.000000,158.0,0.158,1.58,1.58,1.58,128.0,122.0,124.0,374.0,374.0,5.062595017226968,872.2668182001042,855.5420730074823,836.6214885392482,4389.286357464926,6.093530196308628,-0.6400410927627038,5.147494476813454,5.549944453914589,10.0
dump.ni_fcc_r0.9_c9.0_8.3_7.0.001000,163.0,0.163,1.63,1.63,1.63,146.0,148.0,150.0,444.0,444.0,5.093750184506762,1015.1248353352249,974.017559926133,956.1091384809735,4114.2946618217775,6.036003740407554,-0.6595181929606388,5.111987788356544,5.476179140753308,10.0
dump.ni_fcc_r0.9_c9.0_8.3_7.0.002000,142.0,0.142,1.42,1.42,1.42,110.0,104.0,124.0,338.0,338.0,4.9558270434012615,793.8163254453618,722.7188263183837,703.3099186587898,4221.906404689318,6.057451997092595,-0.7100305770784483,5.12396397940326,5.47489283148667,10.0
dump.ni_fcc_r0.9_c9.0_8.3_7.0.003000,143.0,0.143,1.43,1.43,1.43,154.0,154.0,168.0,476.0,476.0,4.962844615959905,861.628761513509,790.4038827492282,782.1491739190807,4026.7199470491673,6.013400998504828,-0.7262667804894067,5.099866427824199,5.393049223750795,10.0
dump.ni_fcc_r0.9_c9.0_8.3_7.0.004000,143.0,0.143,1.43,1.43,1.43,104.0,100.0,128.0,332.0,332.0,4.962844615959905,802.0345181037883,746.5792890711552,741.7078711467351,4178.5740334273,6.040870833254394,-0.7035603916284603,5.1179938124167546,5.478280694660136,10.0
dump.ni_fcc_r0.9_c9.0_8.3_7.0.005000,140.0,0.14,1.4,1.4,1.4,150.0,144.0,172.0,466.0,466.0,4.9416424086093045,834.9927029500043,770.8288923181592,751.8784047318367,4032.806055089629,6.0158461927363245,-0.6982505931811951,5.093750200806762,5.414320179055455,10.0
